50	10378	2026_03_28_david-thor-bjorgvinsson-skrifar-innganga-nyrra-rikja-esb	Davíð Þór Björgvinsson skrifar: Innganga nýrra ríkja í ESB
49	10272	2026_07_10_david-thor-bjorgvinsson-skrifar-afmarkad-yfirthjodlegt-vald-esb-i-thagu-innri	Davíð Þór Björgvinsson skrifar: Afmarkað yfirþjóðlegt vald ESB í þágu innri markaðarins
47	12987	2026_04_15_david-thor-bjorgvinsson-skrifar-thankar-tilefni-af-umsogn-landskjorstjornar	Davíð Þór Björgvinsson skrifar: Þankar í tilefni af umsögn landskjörstjórnar
46	5780	2026_03_25_thomas-moller-skrifar-med-eda-moti-esb-hver-hefur-rett-fyrir-ser	Thomas Möller skrifar: Með eða á móti ESB – hver hefur rétt fyrir sér?
45	7961	2026_08_11_thomas-moller-skrifar-vid-viljum-bara-fa-ad-vera-i-fridi	Thomas Möller skrifar: „Við viljum bara fá að vera í friði“
42	6631	2026_04_08_thomas-moller-skrifar-bua-tvaer-thjodir-landinu-okkar	Thomas Möller skrifar: Búa tvær þjóðir í landinu okkar?
41	9063	2026_07_19_david-thor-bjorgvinsson-skrifar-esb-og-launthegar	Davíð Þór Björgvinsson skrifar: ESB og launþegar
41	7995	2026_08_05_david-thor-bjorgvinsson-skrifar-esb-og-natturuaudlindir	Davíð Þór Björgvinsson skrifar: ESB og náttúruauðlindir
40	7840	2026_05_19_david-thor-bjorgvinsson-skrifar-vernd-mannrettinda-vettvangi-esb	Davíð Þór Björgvinsson skrifar: Vernd mannréttinda á vettvangi ESB
38	18090	2026_08_07_inga-dora-ingvadottir-skrifar-bondinn-fiskurinn-og-samningurinn-sem-er	Inga Dóra Ingvadóttir skrifar: Bóndinn, fiskurinn og samningurinn sem er ekki enn til
36	7760	2026_04_29_david-thor-bjorgvinsson-skrifar-yfirthjodlegt-vald-esb	Davíð Þór Björgvinsson skrifar: Yfirþjóðlegt vald ESB
36	5519	2026_05_06_thomas-moller-skrifar-nei-er-staerra-en-ja	Thomas Möller skrifar: NEI er stærra en já
33	6036	2026_05_28_david-thor-bjorgvinsson-skrifar-samstarf-bandarikjanna-og-esb-rikja-oryggis-og-varnarmalum	Davíð Þór Björgvinsson skrifar: Samstarf Bandaríkjanna og ESB-ríkja í öryggis- og varnarmálum
33	7376	2026_06_17_thomas-moller-skrifar-segdu-ekki-nei-segdu-kannski	Thomas Möller skrifar: Segðu ekki NEI ... segðu kannski
32	5251	2026_07_28_david-thor-bjorgvinsson-skrifar-esb-loggjafarvald-framkvaemdarvald-og-domsvald	Davíð Þór Björgvinsson skrifar: ESB, löggjafarvald, framkvæmdarvald og dómsvald
32	9074	2026_07_28_thomas-moller-skrifar-thad-er-skrytid-ad-segja-nei	Thomas Möller skrifar: „Það er skrýtið að segja nei“
31	6469	2026_06_02_albert-jonsson-esb-adild-tryggir-ekki-sjalfkrafa-evru-mikid-fer-eftir-okkur-sjalfum	Albert Jónsson: ESB aðild tryggir ekki sjálfkrafa evru – mikið fer eftir okkur sjálfum
31	6043	2026_07_15_thomas-moller-skrifar-segjum-ja-fyrir-unga-folkid	Thomas Möller skrifar: Segjum JÁ fyrir unga fólkið
31	9337	2026_08_05_bjorgvin-g-sigurdsson-skrifar-ofaeddu-bornin-grata-ekki	Björgvin G. Sigurðsson skrifar: Ófæddu börnin gráta ekki
30	5837	2026_06_01_albert-jonsson-vidraedur-islands-vid-esb-yrdu-einstakar-sogu-sambandsins	Albert Jónsson: Viðræður Íslands við ESB yrðu einstakar í sögu sambandsins
29	10313	2026_05_03_haskolaprofessor-um-adild-islands-ad-esb-ekki-malefnalegt-ad-lofa-laegri-voxtum-meiri-fjarfestingu-og-haerri-lifskjorum-thess-ad-syna-forsendurnar	Háskólaprófessor um aðild Íslands að ESB: „Ekki málefnalegt að lofa lægri vöxtum, meiri fjárfestingu og hærri lífskjörum án þess að sýna forsendurnar“
29	8370	2026_06_30_david-thor-bjorgvinsson-skrifar-esb-og-hinar-dreifdu-byggdir-islands	Davíð Þór Björgvinsson skrifar: ESB og hinar dreifðu byggðir Íslands
28	5642	2026_04_22_thomas-moller-skrifar-kosningar-unga-folksins	Thomas Möller skrifar: Kosningar unga fólksins
26	5287	2026_06_05_david-thor-bjorgvinsson-skrifar-esb-er-lydraedislegt	Davíð Þór Björgvinsson skrifar: ESB er lýðræðislegt
26	7428	2026_08_11_johann-pall-johannsson-thad-kostar-mikla-fjarmuni-ad-standa-utan-esb-og-stunda	Jóhann Páll Jóhannsson: Það kostar mikla fjármuni að standa utan ESB og stunda hagsmunagæslu
25	4385	2026_04_15_maria-rut-kristinsdottir-skrifar-opna-dyrnar-eda-loka-theim	María Rut Kristinsdóttir skrifar: Opna dyrnar eða loka þeim?
25	3754	2026_07_02_fyrrum-samningamadur-noregs-vid-esb-thad-liggur-fyrir-ad-island-mun-fa-varanlegar	Fyrrum samningamaður Noregs við ESB: Það liggur fyrir að Ísland mun fá varanlegar undanþágur frá sameiginlegu fiskveiðistefnu ESB
24	6262	2026_06_17_verum-hugrokk-og-gerum-thad-sem-vid-getum-til-thess-ad-fa-stadreyndirnar-bordid	„Verum hugrökk og gerum það sem við getum til þess að fá staðreyndirnar á borðið“
24	4936	2026_06_19_david-thor-bjorgvinsson-skrifar-esb-islensk-tunga-og-menning-0	Davíð Þór Björgvinsson skrifar: ESB, íslensk tunga og menning
23	6465	2026_04_06_david-thor-bjorgvinsson-baudenbacher-vedur-villu-vegar-ef-esb-og-island-telja-adildarumsoknina-gildi-tha-er-hun-gildi	Davíð Þór Björgvinsson: Baudenbacher veður villu vegar – Ef ESB og Ísland telja aðildarumsóknina í gildi þá er hún í gildi
23	5656	2026_05_28_halldor-jorgen-olesen-skrifar-engin-herskylda-esb-og-engin-lagaleid-til-ad-setja-hana-islendinga	Halldór Jörgen Olesen skrifar: Engin herskylda í ESB — og engin lagaleið til að setja hana á Íslendinga
22	3833	2026_04_15_allir-viti-um-hvad-verdi-spurt-thjodaratkvaedagreidslunni	Allir viti um hvað verði spurt í þjóðaratkvæðagreiðslunni
22	5333	2026_08_08_david-thor-bjorgvinsson-skrifar-hundavefrettir	Davíð Þór Björgvinsson skrifar: Hundavéfréttir
21	6047	2026_04_02_david-thor-bjorgvinsson-serlausnir-eru-sannarlega-bordinu-adildarsamningar-eru-raunverulegir-samningar-thad-tharf-ad-semja-um-skilmala	Davíð Þór Björgvinsson: Sérlausnir eru sannarlega á borðinu – aðildarsamningar eru raunverulegir samningar – það þarf að semja um skilmála
21	5440	2026_05_02_sigmundur-ernir-skrifar-vinsaelasta-samvinnuhreyfing-evropu	Sigmundur Ernir skrifar: Vinsælasta samvinnuhreyfing Evrópu
21	4168	2026_06_22_brexit-fyrirmynd-nei-sinna-beita-somu-arodursbrogdum-bretar-sja-nu-eftir-utgongu	Brexit fyrirmynd nei-sinna – beita sömu áróðursbrögðum – Bretar sjá nú eftir útgöngu
21	3982	2026_06_23_ordid-a-gotunni-brexit-skadlegra-en-ottast-var-storskaldid-dregur-strik-i-sandinn	Orðið á götunni: Brexit skaðlegra en óttast var – stórskáldið dregur strik í sandinn
21	4859	2026_07_05_haraldur-olafsson-skrifar-nei-takk-hvilir-a-styrkum-stodum-skynsemi-og-blythungum	Haraldur Ólafsson skrifar: Nei takk hvílir á styrkum stoðum skynsemi og blýþungum rökum
21	5503	2026_07_21_sveinn-andri-sveinsson-moldvorpur-i-ovinahernadi-gegn-hagsmunum-islands	Sveinn Andri Sveinsson: Moldvörpur í óvinahernaði gegn hagsmunum Íslands
20	5088	2026_05_19_kristrun-frostadottir-evropusambandid-gefur-meira-eftir-en-vid-fiskveidar-ekki-risamal-sambandinu	Kristrún Frostadóttir: Evrópusambandið gefur meira eftir en við – fiskveiðar ekki risamál í sambandinu
20	6108	2026_08_09_johann-pall-johannsson-verdum-ad-ljuka-vidraedum-til-ad-geta-metid-stoduna	Jóhann Páll Jóhannsson: Verðum að ljúka viðræðum til að geta metið stöðuna
19	5592	2026_04_19_ordid-gotunni-orvaentingin-blasir-vid-rykid-meira-ad-segja-dustad-af-heidrunu-lind	Orðið á götunni: Örvæntingin blasir við – rykið meira að segja dustað af Heiðrúnu Lind
19	7761	2026_05_18_kristrun-frostadottir-erum-stodugri-adlogun-ad-regluverki-esb-gegnum-ees	Kristrún Frostadóttir: Erum í stöðugri aðlögun að regluverki ESB í gegnum EES
19	2276	2026_06_10_kronan-leleg-til-ad-vardveita-verdmaeti-og-verdtrygging-byr-til-sjalfvirkt-gangvirki-til-haekkunar-verdbolgu	Krónan léleg til að varðveita verðmæti og verðtrygging býr til sjálfvirkt gangvirki til hækkunar verðbólgu
19	7083	2026_08_05_thorsteinn-palsson-skrifar-hvad-faer-island-fyrir-tru-a-motsagnir-og-imyndanir	Þorsteinn Pálsson skrifar: Hvað fær Ísland fyrir trú á mótsagnir og ímyndanir?
19	3322	2026_08_10_carl-bildt-svigrum-til-malamidlana-i-sjavarutvegi-og-landbunadi-adildarvidraedur	Carl Bildt: Svigrúm til málamiðlana í sjávarútvegi og landbúnaði – Aðildarviðræður myndu ganga hratt fyrir sig
19	4665	2026_08_17_halldor-jorgen-olesen-stadhaefingar-nei-sinna-standast-ekki-naestum-80-ibua-esb	Halldór Jörgen Olesen: Staðhæfingar nei-sinna standast ekki – næstum 80% íbúa ESB ánægðir með aðildina
18	5268	2026_06_03_albert-jonsson-island-eina-rikid-til-ad-halda-thjodaratkvaedagreidslu-um-vidraedur-aldrei-gerst-adur	Albert Jónsson: Ísland eina ríkið til að halda þjóðaratkvæðagreiðslu um viðræður – aldrei gerst áður
18	3264	2026_06_08_sigridur-hagalin-svarar-gagnrynendunum-ad-gefnu-tilefni	Sigríður Hagalín svarar gagnrýnendunum: „Að gefnu tilefni“
18	6742	2026_07_07_maria-rut-kristinsdottir-skrifar-hver-a-island	María Rut Kristinsdóttir skrifar: Hver á Ísland?
18	7891	2026_07_22_thorsteinn-palsson-skrifar-skjot-annan-veg-thangad-sem-meiri-er-thorfin	Þorsteinn Pálsson skrifar: Skjót annan veg þangað sem meiri er þörfin
18	5796	2026_07_27_thorsteinn-palsson-skrifar-hvad-felst-i-tillogunni-um-andmaelarett-trumps	Þorsteinn Pálsson skrifar: Hvað felst í tillögunni um andmælarétt Trumps?
18	7289	2026_07_29_thorsteinn-palsson-skrifar-kosid-um-oflugri-verkfaeri-en-ekki-ny-markmid	Þorsteinn Pálsson skrifar: Kosið um öflugri verkfæri en ekki ný markmið
18	4045	2026_08_08_kolbrun-bergthorsdottir-skrifar-orvaenting-og-osvifni	Kolbrún Bergþórsdóttir skrifar: Örvænting og ósvífni
17	3592	2026_04_07_david-thor-bjorgvinsson-vidtaekt-samkomulag-um-ad-thad-thurfi-ad-breyta-stjornarskranni	Davíð Þór Björgvinsson: Víðtækt samkomulag um að það þurfi að breyta stjórnarskránni
17	4188	2026_04_11_landskjorstjorn-hlytur-ad-segja-af-ser-stigin-inn-hid-politiska-svid	Landskjörstjórn hlýtur að segja af sér – stigin inn á hið pólitíska svið
17	6273	2026_04_28_halla-hrund-logadottir-styd-thjodaratkvaedagreidsluna-vil-skyr-raud-strik-sandinn	Halla Hrund Logadóttir: Styð þjóðaratkvæðagreiðsluna – vil skýr rauð strik í sandinn
17	5740	2026_06_01_halldor-jorgen-olesen-skrifar-ad-taka-mark-joni-petri	Halldór Jörgen Olesen skrifar: Á að taka mark á Jóni Pétri?
17	4013	2026_06_19_kolbrun-bergthorsdottir-skrifar-mattur-thorgerdar-katrinar-0	Kolbrún Bergþórsdóttir skrifar: Máttur Þorgerðar Katrínar
17	3346	2026_06_19_thorgerdur-katrin-thad-sem-er-verid-ad-spila-a-er-otti-og-hraedsla	Þorgerður Katrín: „Það sem er verið að spila á er ótti og hræðsla“
17	3316	2026_06_23_hannes-fer-hadsordum-um-eldhafid-og-brennandi-husid-thessa-grein-aettu-allir-ad	Hannes fer háðsorðum um „eldhafið“ og „brennandi húsið“ – „Þessa grein ættu allir að lesa“
17	8837	2026_06_29_thorsteinn-viglundsson-vil-sja-dypri-umraedu-sem-tekur-mid-af-breyttum-adstaedum-i	Þorsteinn Víglundsson: Vil sjá dýpri umræðu sem tekur mið af breyttum aðstæðum í heiminum
17	3029	2026_07_01_svarthofdi-skrifar-thad-eina-sem-getur-bjargad-morgunbladinu-er-ja-thann-29-agust	Svarthöfði skrifar: Það eina sem getur bjargað Morgunblaðinu er JÁ þann 29. ágúst
17	6241	2026_07_03_thorgerdur-katrin-gunnarsdottir-adild-ad-esb-getur-styrkt-stodu-islenskra-baenda	Þorgerður Katrín Gunnarsdóttir: Aðild að ESB getur styrkt stöðu íslenskra bænda og eflt nýliðun í greininni
17	4607	2026_08_01_pawel-bartoszek-vid-thurfum-engu-ad-breyta-hja-okkur-a-samningstimanum-algerlega	Pawel Bartoszek: Við þurfum engu að breyta hjá okkur á samningstímanum – algerlega hafið yfir vafa
16	4991	2026_04_22_eyjolfur-armannsson-skadar-ekki-ees-samninginn-ad-kjosa-um-framhald-vidraedna-ees-er-norskt-batteri	Eyjólfur Ármannsson: Skaðar ekki EES-samninginn að kjósa um framhald viðræðna – EES er norskt batterí
16	5529	2026_06_01_hilmar-thor-skrifar-evropusambandid-grikkland-og-raundaemi	Hilmar Þór skrifar: Evrópusambandið, Grikkland og raundæmi
16	4829	2026_06_30_major-telur-breta-eiga-afturkvaemt-i-evropusambandid-thetta-hefur-skadad-thjodina	Major telur Breta eiga afturkvæmt í Evrópusambandið: „Þetta hefur skaðað þjóðina“
16	5827	2026_07_03_thorgerdur-katrin-gunnarsdottir-thad-er-svo-sannarlega-haegt-ad-fa-varanlegar	Þorgerður Katrín Gunnarsdóttir: Það er svo sannarlega hægt að fá varanlegar sérlausnir um okkar helstu hagsmuni
16	3381	2026_07_22_dagur-furdar-sig-a-malflutningnum-muni-fela-i-ser-gridarlegan-velferdarabata-fyrir	Dagur furðar sig á málflutningnum: „Muni fela í sér gríðarlegan velferðarábata fyrir Ísland“
16	3865	2026_07_26_ordid-a-gotunni-sagan-sem-ekki-ma-segja	Orðið á götunni: Sagan sem ekki má segja
15	3700	2026_03_27_ordid-gotunni-bornin-okkar-eiga-thad-skilid	Orðið á götunni: Börnin okkar eiga það skilið!
15	5506	2026_04_16_thorsteinn-palsson-skrifar-serstakt-eda-almennt-vanhaefi-landskjorstjornar	Þorsteinn Pálsson skrifar: Sérstakt eða almennt vanhæfi Landskjörstjórnar
15	4971	2026_06_19_sigmundur-ernir-skrifar-anaegja-esb-thjoda-med-adild-hefur-vaxid-hratt	Sigmundur Ernir skrifar: Ánægja ESB-þjóða með aðild hefur vaxið hratt
15	7639	2026_07_06_thorgerdur-katrin-gunnarsdottir-evropusambandid-stydur-serstaklega-vid-dreifdar	Þorgerður Katrín Gunnarsdóttir: Evrópusambandið styður sérstaklega við dreifðar byggðir – ekki síst brothættar byggðir
15	3088	2026_07_16_ordid-a-gotunni-halla-bidur-folk-ad-vanda-sig-varar-vid-rongum-upplysingum	Orðið á götunni: Halla biður fólk að vanda sig – varar við röngum upplýsingum
15	4731	2026_07_23_sveinn-andri-sveinsson-anaegja-almennings-eini-maelikvardinn-a-adild-folkid-i-esb	Sveinn Andri Sveinsson: Ánægja almennings eini mælikvarðinn á aðild – fólkið í ESB er hæstánægt
15	6172	2026_07_31_pawel-bartoszek-gaedafolk-baedi-medal-nei-sinna-og-ja-sinna-vildi-alveg-hafa-marga	Pawel Bartoszek: Gæðafólk bæði meðal nei-sinna og já-sinna – vildi alveg hafa marga nei-sinna í mínu liði
15	5007	2026_08_14_david-thor-bjorgvinsson-skrifar-esb-og-skuldir-adildarrikja	Davíð Þór Björgvinsson skrifar: ESB og skuldir aðildarríkja
14	3980	2026_05_25_halldor-jorgen-skrifar-thegar-skilyrt-nei-verdur-einfaldlega-ja	Halldór Jörgen skrifar: Þegar skilyrt nei verður „einfaldlega já"
14	4370	2026_06_24_thorsteinn-palsson-skrifar-ad-opna-leidir-eda-loka-theim-1	Þorsteinn Pálsson skrifar: Að opna leiðir eða loka þeim
14	2137	2026_07_30_ordid-a-gotunni-talar-gudmundur-fertram-fyrir-hond-coloplast	Orðið á götunni: Talar Guðmundur Fertram fyrir hönd Coloplast?
13	3607	2026_04_03_david-thor-bjorgvinsson-thorf-betri-utskyringum-getur-vidraedum-ekki-lokid-odruvisi-en-med-samningi-sem-lagdur-yrdi-fyrir-thjodina	Davíð Þór Björgvinsson: Þörf á betri útskýringum – getur viðræðum ekki lokið öðruvísi en með samningi sem lagður yrði fyrir þjóðina?
13	5599	2026_04_30_thorsteinn-palsson-skrifar-orsok-kuvendingar-husi-atvinnulifsins	Þorsteinn Pálsson skrifar: Orsök kúvendingar í Húsi atvinnulífsins
13	6125	2026_05_21_kristrun-frostadottir-hverjir-vilja-ekki-leyfa-thjodinni-ad-sja-samning-hverra-hagsmuna-gaeta	Kristrún Frostadóttir: Hverjir vilja ekki leyfa þjóðinni að sjá samning? – Hverra hagsmuna gæta þeir?
13	3020	2026_05_21_thorsteinn-palsson-taetir-sig-hraedsluarodur-olafs-ragnars-grimssonar-um-island-og-esb	Þorsteinn Pálsson tætir í sig hræðsluáróður Ólafs Ragnars Grímssonar um Ísland og ESB
13	6754	2026_06_11_thorsteinn-palsson-skrifar-ad-laera-eda-laera-ekki-af-sogunni	Þorsteinn Pálsson skrifar: Að læra eða læra ekki af sögunni
13	4028	2026_07_24_kolbrun-bergthorsdottir-skrifar-skilabod-sjalfstaedisflokksins	Kolbrún Bergþórsdóttir skrifar: Skilaboð Sjálfstæðisflokksins
13	4961	2026_07_24_sveinn-andri-sveinsson-troddu-thessum-helvitis-tjakki-upp-i-rassgatid-a-ther	Sveinn Andri Sveinsson: „Troddu þessum helvítis tjakki upp í rassgatið á þér“
13	4959	2026_07_27_segir-evropusambandid-verda-ad-breytast-og-utskyrir-hvad-hjalpadi-david-ad-vera	Segir Evrópusambandið verða að breytast og útskýrir hvað hjálpaði Davíð að vera svona lengi við völd
13	7953	2026_07_29_sigvaldi-einarsson-skrifar-er-russland-thegar-ordid-leppriki-kina	Sigvaldi Einarsson skrifar: Er Rússland þegar orðið leppríki Kína?
13	2006	2026_08_03_svarthofdi-skrifar-ja-id-er-i-framsokn	Svarthöfði skrifar: Já-ið er í framsókn
13	4115	2026_08_07_ordid-a-gotunni-ef-menn-vilja-einangrun-tha-verda-their-ad-taka-afleidingum-hennar	Orðið á götunni: „Ef menn vilja einangrun, þá verða þeir að taka afleiðingum hennar“
13	4449	2026_08_14_segir-andstodu-utgerdarinnar-vid-esb-snuast-um-allt-annad-en-yfirrad-islendinga	Segir andstöðu útgerðarinnar við ESB snúast um allt annað en yfirráð Íslendinga yfir sjávarauðlindinni
12	4058	2026_04_05_kolbrun-bergthorsdottir-skrifar-ottinn-vid-ja-id	Kolbrún Bergþórsdóttir skrifar: Óttinn við já-ið
12	7286	2026_04_12_thorunn-sveinbjarnardottir-vid-erum-ad-tala-um-valdaframsal-thingsins-til-kjosenda-lydraedi-sinni-taerustu-mynd	Þórunn Sveinbjarnardóttir: Við erum að tala um valdaframsal þingsins til kjósenda – lýðræði í sinni tærustu mynd
12	5570	2026_07_07_ordid-a-gotunni-undarlegt-bandalag-adalraedumadurinn-alltaf-haft-rangt-fyrir-ser	Orðið á götunni: Undarlegt bandalag – aðalræðumaðurinn alltaf haft rangt fyrir sér
12	4744	2026_07_16_yngvi-omar-sigrunarson-skrifar-saga-af-fakeppni-a-matvorumarkadi	Yngvi Ómar Sigrúnarson skrifar: Saga af fákeppni á matvörumarkaði
12	2622	2026_07_29_ordid-a-gotunni-kristrun-slaer-i-gegn-a-althjodsvidinu	Orðið á götunni: Kristrún slær í gegn á alþjóðasviðinu
12	5916	2026_08_03_pawel-bartoszek-vid-megum-nu-afhenda-islenskum-flugfelogum-losunarheimildir	Pawel Bartoszek: Við megum nú afhenda íslenskum flugfélögum losunarheimildir án greiðslu
11	5034	2026_04_13_thorunn-sveinbjarnardottir-markvisst-unnid-ad-thvi-ad-afvegaleida-umraeduna	Þórunn Sveinbjarnardóttir: Markvisst unnið að því að afvegaleiða umræðuna
11	3020	2026_04_30_haskolaprofessor-andstaedingar-adildar-hengja-sig-algjor-smaatridi-drepa-innihaldsrikri-umraedu-dreif	Háskólaprófessor: Andstæðingar aðildar hengja sig í algjör smáatriði – drepa innihaldsríkri umræðu á dreif
11	1962	2026_05_08_svarthofdi-undur-veraldar-og-afhjupunin	Svarthöfði skrifar: Undur veraldar og afhjúpunin
11	1540	2026_06_11_nordmenn-eigi-ad-fylgjast-vel-med-thjodaratkvaedagreidslunni-islandi	Norðmenn eigi að fylgjast vel með þjóðaratkvæðagreiðslunni á Íslandi
11	2122	2026_06_19_ottar-gudmundsson-skrifar-eldri-borgarar-og-esb	Óttar Guðmundsson skrifar: Eldri borgarar og ESB
11	6834	2026_07_09_gauti-svarar-olafi-ragnari-ef-sami-thrystingur-beindist-ad-islandi-a-morgun-hver	Gauti svarar Ólafi Ragnari: „Ef sami þrýstingur beindist að Íslandi á morgun, hver mætir?“
11	2486	2026_07_24_sigurdur-holmar-johannesson-skrifar-er-politiskt-loford-nog	Sigurður Hólmar Jóhannesson skrifar: Er pólitískt loforð nóg?
11	4569	2026_08_02_pawel-bartoszek-tollar-eru-notadir-sem-vopn-breytir-stodunni	Pawel Bartoszek: Tollar eru notaðir sem vopn – breytir stöðunni
11	5240	2026_08_10_johann-pall-johannsson-sparnadurinn-af-inngongu-og-upptoku-evru-margfaldlega-vegur	Jóhann Páll Jóhannsson: Sparnaðurinn af inngöngu og upptöku evru margfaldlega vegur upp kostnaðinn
11	14301	2026_08_16_kristrun-segir-thjodina-ekki-klofna-ut-af-atkvaedagreidslunni-tilfinningahiti	Kristrún segir þjóðina ekki klofna út af atkvæðagreiðslunni – „Tilfinningahiti meðal fólksins almennt minni“
10	4450	2026_06_09_ordid-a-gotunni-thorsteinn-mar-aetlar-ad-borga-25-milljonir-krona-fyrir	Orðið á götunni: Þorsteinn Már ætlar að borga 25 milljónir króna fyrir úthringiver í ágúst
10	3425	2026_07_20_ordid-a-gotunni-gunnar-bragi-alitsgjafi-morgunbladsins-i-mannasidum	Orðið á götunni: Gunnar Bragi álitsgjafi Morgunblaðsins í mannasiðum
10	4623	2026_07_21_haukur-med-kenningu-um-thogn-hopsins-theirra-dyrmaetasta-eign-er-mannordid	Haukur með kenningu um þögn hópsins: „Þeirra dýrmætasta eign er mannorðið“
10	3526	2026_07_28_oli-runar-astthorsson-skrifar-er-betra-ad-vita-en-halda	Óli Rúnar Ástþórsson skrifar: Er betra að vita en halda?
10	4581	2026_08_07_sigvaldi-einarsson-skrifar-bandarikin-seldu-evrur-til-ad-bjarga-jeninu-er-evran	Sigvaldi Einarsson skrifar: Bandaríkin seldu evrur til að bjarga jeninu – er evran orðin nýja öryggishöfn heimsins?
10	5361	2026_08_09_sigurdur-gylfi-magnusson-olafur-reid-med-bjorgum-fram-villir-hann-stillir-hann	Sigurður Gylfi Magnússon: Ólafur reið með björgum fram, villir hann, stillir hann!
10	3567	2026_08_13_ordid-a-gotunni-kaera-gudrun-hvad-kom-svo-fyrir-formadur-sjalfstaedisflokksins	Orðið á götunni: Kæra Guðrún, hvað kom svo fyrir? – formaður Sjálfstæðisflokksins snýst eins og vindhani
9	4841	2026_04_02_hjolar-forstjorana-fataeklegt-thjodarstolt-rikra-manna	Hjólar í forstjórana - „Fátæklegt þjóðarstolt ríkra manna“
9	4653	2026_04_16_thorsteinn-palsson-umsogn-landskjorstjornar-med-ollu-marklaus-bara-spurning-um-asetning-eda-vanthekkingu	Þorsteinn Pálsson: Umsögn Landskjörstjórnar með öllu marklaus – Bara spurning um ásetning eða vanþekkingu
9	3485	2026_04_30_spyr-hvers-vegna-sa-og-vidskiptarad-hafi-kuvent-ekki-vegna-heildarhagsmuna-atvinnulifsins-landinu	Spyr hvers vegna SA og Viðskiptaráð hafi kúvent - „Ekki vegna heildarhagsmuna atvinnulífsins í landinu“
9	2588	2026_05_09_ordid-gotunni-veifiskatar-og-vindhanar-vada-uppi-midflokki-og-sjalfstaedisflokki	Orðið á götunni: Veifiskatar og vindhanar vaða uppi í Miðflokki og Sjálfstæðisflokki
9	2453	2026_06_08_dilja-mist-yfir-10-milljon-helgi-hrafn-svarar-tha-kemur-thu-og-motmaelir-thvi-eina-af-viti	Diljá Mist: „Yfir 10 milljón!“ – Helgi Hrafn svarar: „Þá kemur þú og mótmælir því eina af viti“
9	5481	2026_06_18_thorsteinn-palsson-skrifar-island-heima-tollabandalagi-tollastridi	Þorsteinn Pálsson skrifar: Á Ísland heima í tollabandalagi í tollastríði?
9	7714	2026_07_01_thorsteinn-palsson-skrifar-radherra-i-baendaglimu-og-sjomanni	Þorsteinn Pálsson skrifar: Ráðherra í bændaglímu og sjómanni
9	4335	2026_07_17_sigmundur-ernir-skrifar-sjalfstaedismenn-thekkja-thad-ad-sitja-vid-bordid	Sigmundur Ernir skrifar: Sjálfstæðismenn þekkja það að sitja við borðið
9	3194	2026_07_29_haraldur-olafsson-skrifar-x-nei-fyrir-bornin	Haraldur Ólafsson skrifar: X-NEI fyrir börnin
9	8440	2026_08_09_bjorn-jon-skrifar-gamlar-umraedur-um-evropumalin	Björn Jón skrifar: Gamlar umræður um Evrópumálin
8	4294	2026_03_29_ordid-gotunni-oldungar-ymsum-aldri-moti-framtidinni-daemigerd-skrif-evropuandstaedinga-morgunbladinu	Orðið á götunni: Öldungar á ýmsum aldri á móti framtíðinni – dæmigerð skrif Evrópuandstæðinga í Morgunblaðinu
8	5510	2026_04_29_halla-hrund-logadottir-evropusambandsadild-eykur-likur-vaxtalaekkunum	Halla Hrund Logadóttir: Evrópusambandsaðild eykur líkur á vaxtalækkunum
8	5519	2026_05_20_kristrun-frostadottir-segdu-ja-ef-thu-ert-oviss-faerd-alltaf-taekifaeri-seinna-til-ad-segja-nei	Kristrún Frostadóttir: Segðu já ef þú ert óviss – færð alltaf tækifæri seinna til að segja nei
8	5805	2026_06_04_thorsteinn-palsson-skrifar-dadi-mar-saekir-vatnid-yfir-baejarlaekinn	Þorsteinn Pálsson skrifar: Daði Már sækir vatnið yfir bæjarlækinn
8	3794	2026_06_13_sigmundur-ernir-skrifar-heimssyn-er-hraedslubandalag	Sigmundur Ernir skrifar: Heimssýn er hræðslubandalag
8	3328	2026_07_02_heimssyn-klofnar	Heimssýn klofnar
8	4684	2026_07_15_thorsteinn-palsson-skrifar-abyrg-samvinna-i-loftslagsmalum-er-val	Þorsteinn Pálsson skrifar: Ábyrg samvinna í loftslagsmálum er val
8	3948	2026_07_22_sveinn-andri-sveinsson-orvaenting-hja-nei-lidinu-hagsmunaadilar-sem-vedja-med	Sveinn Andri Sveinsson: Örvænting hjá nei-liðinu – hagsmunaaðilar sem veðja með verðbólgu gegn almenningi
8	3014	2026_07_22_thordis-kolbrun-ad-sjalfsogdu-hlytur-adild-ad-esb-ad-vera-valkostur-fyrir-island	Þórdís Kolbrún: Að sjálfsögðu hlýtur aðild að ESB að vera valkostur fyrir Ísland
8	4575	2026_07_27_birgir-hermannsson-skrifar-island-best-i-heimi	Birgir Hermannsson skrifar: Ísland best í heimi
8	4270	2026_07_28_arnor-sighvatsson-ad-sitja-vid-bordid-eda-vera-a-matsedlinum	Arnór Sighvatsson: Að sitja við borðið eða vera á matseðlinum
8	3178	2026_08_10_margret-gudmundsdottir-enginn-godur-stjornandi-hafnar-mikilvaegum	Margrét Guðmundsdóttir: Enginn góður stjórnandi hafnar mikilvægum samningaviðræðum fyrir fram
7	5709	2026_04_02_thorsteinn-palsson-skrifar-er-island-rikt-til-ad-eiga-samleid-med-odrum-thjodum	Þorsteinn Pálsson skrifar: Er Ísland of ríkt til að eiga samleið með öðrum þjóðum?
7	3210	2026_05_23_segir-ad-dagur-hafi-rett-fyrir-ser-en-dilja-mist-rangt-thurfum-vid-lika-ad-taka-tolurnar-alvarlega	Segir að Dagur hafi rétt fyrir sér en Diljá Mist rangt - „Þurfum við líka að taka tölurnar alvarlega“
7	3713	2026_06_08_magnus-arni-afhjupar-liflatshotun-hannes-holmsteinn-thu-ert-eins-og-prinsessan-a	Magnús Árni afhjúpar líflátshótun – Hannes Hólmsteinn: „Þú ert eins og prinsessan á bauninni“
7	3359	2026_06_13_ordid-gotunni-glaeny-skodanakonnun-dv-531-prosent-ja-en-469-prosent-nei	Orðið á götunni: Glæný skoðanakönnun DV: 53,1 prósent JÁ en 46,9 prósent NEI
7	5193	2026_07_03_thorgerdur-katrin-gunnarsdottir-samstada-og-studningur-evropusambandsins-var	Þorgerður Katrín Gunnarsdóttir: Samstaða og stuðningur Evrópusambandsins var styrkur Dana og Grænlendinga
7	4316	2026_07_10_sigmundur-ernir-skrifar-thad-er-haegt-ad-hafa-lengi-rangt-fyrir-ser-i-politik	Sigmundur Ernir skrifar: Það er hægt að hafa lengi rangt fyrir sér í pólitík
7	5022	2026_07_25_sveinn-andri-sveinsson-olafur-ragnar-hefur-aldrei-verid-spamannlega-vaxinn	Sveinn Andri Sveinsson: Ólafur Ragnar hefur aldrei verið spámannlega vaxinn
7	2898	2026_07_27_svarthofdi-skrifar-thar-fullveldid-fyrir-litid	Svarthöfði skrifar: Þar fór fullveldið fyrir lítið
7	4822	2026_07_29_gudni-adalsteinsson-vid-njotum-gods-af-verdtryggingunni-erum-med-belti-og-axlabond	Guðni Aðalsteinsson: Við njótum góðs af verðtryggingunni – erum með belti og axlabönd
7	3350	2026_07_31_ordid-a-gotunni-2-milljardar-fra-eigendunum-i-moggann-a-tiu-arum-asaettanlegur	Orðið á götunni: 2 milljarðar frá eigendunum í Moggann á tíu árum – ásættanlegur herkostnaður
7	3952	2026_08_07_sigmundur-ernir-skrifar-fullveldid-eykst-vid-adild	Sigmundur Ernir skrifar: Fullveldið eykst við aðild
7	3482	2026_08_13_gudmundur-jardar-lifseiga-soguskodun-thetta-stenst-ekki-sogulega-skodun	Guðmundur jarðar lífseiga söguskoðun: „Þetta stenst ekki sögulega skoðun“
7	4169	2026_08_15_kolbrun-bergthorsdottir-skrifar-hinar-sundrudu-fjolskyldur	Kolbrún Bergþórsdóttir skrifar: Hinar sundruðu fjölskyldur
6	5262	2026_04_23_thorsteinn-palsson-skrifar-adalsmerki-verdur-svikamerki	Þorsteinn Pálsson skrifar: Aðalsmerki verður svikamerki
6	3455	2026_06_07_ari-kr-saemundsen-skrifar-langavitleysa	Ari Kr. Sæmundsen skrifar: Langavitleysa
6	4248	2026_06_07_ordid-gotunni-mogginn-ordinn-omerkilegur-oritstyrdur-samfelagsmidill	Orðið á götunni: Mogginn orðinn ómerkilegur, óritstýrður samfélagsmiðill
6	6540	2026_06_26_hannes-h-gissurarson-skrifar-hvad-hefdi-joni-sigurdssyni-thott	Hannes H. Gissurarson skrifar: Hvað hefði Jóni Sigurðssyni þótt?
6	7466	2026_06_30_thomas-moller-skrifar-gloggt-er-gests-augad	Thomas Möller skrifar: Glöggt er gests augað
6	4767	2026_07_19_vilhelm-jonsson-skrifar-endurskodun-kjarasamninga-eda-endurnyjun-blekkingarinnar	Vilhelm Jónsson skrifar: Endurskoðun kjarasamninga – eða endurnýjun blekkingarinnar?
6	1650	2026_07_21_gagnrynir-afskipti-olafs-ragnars-af-thjodaratkvaedagreidslunni-fyrrverandi-forseti	Gagnrýnir afskipti Ólafs Ragnars af þjóðaratkvæðagreiðslunni – „Fyrrverandi forseti klýfur þjóðina“
6	1101	2026_07_28_kristrun-med-kenningu-um-hvers-vegna-margir-atvinnurekendur-eru-motfallnir	Kristrún með kenningu um hvers vegna margir atvinnurekendur eru mótfallnir inngöngu
6	4295	2026_08_01_kolbrun-bergthorsdottir-hlaupid-i-fang-trumps	Kolbrún Bergþórsdóttir: Hlaupið í fang Trumps
6	3945	2026_08_04_maria-rut-kristinsdottir-skrifar-haettum-ad-giska	María Rut Kristinsdóttir skrifar: Hættum að giska
6	7442	2026_08_10_gauti-b-eggertsson-misskilningur-ad-island-se-i-einhverju-serstoku-sambandi-vid	Gauti B. Eggertsson: Misskilningur að Ísland sé í einhverju sérstöku sambandi við Bandaríkin
6	3308	2026_08_12_ordid-a-gotunni-erlendur-sjalfviti-fenginn-til-ad-segja-islendingum-ad-domgreind	Orðið á götunni: Erlendur sjálfviti fenginn til að segja Íslendingum að dómgreind þeirra sé ekki treystandi
6	8217	2026_08_17_hrund-rudolfsdottir-hlaegilegt-ad-horfa-i-kostnad-vid-adildarvidraedur	Hrund Rudolfsdóttir: Hlægilegt að horfa í kostnað við aðildarviðræður – hagsmunirnir miklu stærri en svo
6	4817	2026_08_17_ordid-a-gotunni-sjalfstaedisflokkurinn-i-banvaenu-fadmlagi-vid-sosialista-verdur	Orðið á götunni: Sjálfstæðisflokkurinn í banvænu faðmlagi við Sósíalista – verður Ólafur Ragnar formaður flokksins?
5	5002	2026_03_28_sigmundur-ernir-skrifar-stora-spurningin-er-hvort-vid-gaetum-haft-thad-betra	Sigmundur Ernir skrifar: Stóra spurningin er hvort við gætum haft það betra
5	3564	2026_04_09_thorsteinn-palsson-skrifar-engin-dyrtid-vopnafirdi-allt-skrifad	Þorsteinn Pálsson skrifar: Engin dýrtíð á Vopnafirði – allt skrifað
5	3932	2026_04_26_kolbrun-bergthorsdottir-skrifar-missir-sjalfstaedisflokksins	Kolbrún Bergþórsdóttir skrifar: Missir Sjálfstæðisflokksins
5	5262	2026_05_07_thorsteinn-palsson-skrifar-ulfur-ulfur-hotanir-kalla-vidbrogd	Þorsteinn Pálsson skrifar: Úlfur, úlfur – hótanir kalla á viðbrögð
5	1699	2026_05_23_haraldur-olafsson-skrifar-randyr-rannsokn-sem-engu-skilar	Haraldur Ólafsson skrifar: Rándýr rannsókn sem engu skilar
5	5935	2026_06_27_thorsteinn-viglundsson-illa-utfaerd-innleiding-a-evropureglum-hefur-valdid	Þorsteinn Víglundsson: Illa útfærð innleiðing á Evrópureglum hefur valdið tortryggni atvinnulífsins gagnvart evrópsku regluverki
5	3880	2026_07_11_kolbrun-bergthorsdottir-skrifar-olikt-hafast-their-ad	Kolbrún Bergþórsdóttir skrifar: Ólíkt hafast þeir að
5	6160	2026_07_12_bjorn-jon-skrifar-hvad-thaetti-ara-froda-um-esb	Björn Jón skrifar: Hvað þætti Ara fróða um ESB?
5	1435	2026_07_14_pawel-segir-ad-islendingar-gaetu-tekid-upp-evru-eftir-fimm-ar	Pawel segir að Íslendingar gætu tekið upp evru eftir fimm ár
5	3922	2026_07_21_greta-maria-gretarsdottir-og-hrund-rudolfsdottir-ganga-til-lids-vid-sja	Gréta María Grétarsdóttir og Hrund Rudólfsdóttir ganga til liðs við SJÁ
4	3427	2026_05_25_ordid-gotunni-orvaenting-formanns-midflokks-ser-flokkinn-uti-horni-hvi-skyldi-vera-tregda-til-samstarfs-vid-midflokkinn	Orðið á götunni: Örvænting formanns Miðflokks – sér flokkinn úti í horni – hví skyldi vera tregða til samstarfs við Miðflokkinn?
4	3381	2026_05_31_ordid-gotunni-neikvaedni-og-utursnuningar-einkenna-nei-lida-hroki-baetist-vid-thegar-rokin-vantar	Orðið á götunni: Neikvæðni og útúrsnúningar einkenna nei-liða – hroki bætist við þegar rökin vantar
4	2229	2026_06_05_svarthofdi-skrifar-godvinir-og-listin-ad-vera-osammala-sjalfum-ser	Svarthöfði skrifar: Góðvinir og listin að vera ósammála sjálfum sér
4	2390	2026_06_05_thordur-snaer-segir-morgunbladid-sfs-og-hladvarpstruda-stunda-gaslysingar	Þórður Snær segir Morgunblaðið, SFS og „hlaðvarpstrúða“ stunda gaslýsingar
4	4191	2026_06_14_kolbrun-bergthorsdottir-skrifar-auglyst-eftir-gledi	Kolbrún Bergþórsdóttir skrifar: Auglýst eftir gleði
4	3997	2026_06_26_sigmundur-ernir-skrifar-eini-haegriflokkurinn-sem-hraedist-samkeppni	Sigmundur Ernir skrifar: Eini hægriflokkurinn sem hræðist samkeppni
4	3371	2026_07_01_birgir-hermannsson-skrifar-frjalslyndi-bodullinn	Birgir Hermannsson skrifar: Frjálslyndi böðullinn
4	4024	2026_07_03_sigmundur-ernir-skrifar-samtok-atvinnulifsins-afthakka-aukid-frelsi	Sigmundur Ernir skrifar: Samtök atvinnulífsins afþakka aukið frelsi
4	3595	2026_07_08_ordid-a-gotunni-saegreifar-og-fulltruar-serhagsmuna-vilja-segja-kjosendum-fyrir	Orðið á götunni: Sægreifar og fulltrúar sérhagsmuna vilja segja kjósendum fyrir verkum
4	5823	2026_07_08_thorsteinn-palsson-skrifar-draugarnir-verda-vorir-einu-hjalpendur	Þorsteinn Pálsson skrifar: Draugarnir verða vorir einu hjálpendur
4	3076	2026_07_09_thorbjorg-sigridur-gunnlaugsdottir-skrifar-taekifaeri-fyrir-island-eda-klassiska	Þorbjörg Sigríður Gunnlaugsdóttir skrifar: Tækifæri fyrir Ísland eða klassíska hjalið um fátækt og eymd?
4	3693	2026_07_23_ordid-a-gotunni-allt-reynt-til-ad-sverta-mannord-thorgerdar-katrinar-tilgangurinn	Orðið á götunni: Allt reynt til að sverta mannorð Þorgerðar Katrínar – tilgangurinn helgar meðalið
4	3414	2026_07_23_ordid-a-gotunni-latum-ekki-aldrada-sveit-velja-unga-folksinu-framtid	Orðið á götunni: Látum ekki aldraða sveit velja unga fólkinu framtíð
4	2781	2026_08_06_thjodaratkvaedagreidsla-29-agust-otrulega-lagt-svarhlutfall-hja-afram-island	Þjóðaratkvæðagreiðsla 29. ágúst: Ótrúlega lágt svarhlutfall hjá Áfram Ísland – Morgunblaðið túlkar niðurstöður frjálslega
4	4195	2026_08_07_gauti-b-eggertsson-sidustu-tvo-ar-hafa-ordid-grundvallarbreytingar-sem-bregdast	Gauti B. Eggertsson: Síðustu tvö ár hafa orðið grundvallarbreytingar sem bregðast þarf við
4	2808	2026_08_11_margret-um-silfrid-latid-eins-og-allt-se-i-himnalagi-i-heiminum-svo-lengi-sem-vid	Margrét um Silfrið: „Látið eins og allt sé í himnalagi í heiminum svo lengi sem við lokum bara á umheiminn“
4	3814	2026_08_14_hrund-rudolfsdottir-nei-nuna-setur-okkur-i-ofsalega-erfida-stodu	Hrund Rudolfsdóttir: Nei núna setur okkur í ofsalega erfiða stöðu
4	4568	2026_08_14_sigvaldi-einarsson-skrifar-med-nei-faum-vid-aldrei-svorin	Sigvaldi Einarsson skrifar: Með nei fáum við aldrei svörin
3	4968	2026_03_26_thorsteinn-palsson-skrifar-salarastand-sem-thorbergur-kalladi-ruglandi	Þorsteinn Pálsson skrifar: Sálarástand sem Þórbergur kallaði: Ruglandi
3	2078	2026_04_13_ordid-gotunni-systurflokkur-midflokksins-tapar-stort-bandamanni-trumps-og-putins-hafnad-og-fleygt-dyr	Orðið á götunni: Systurflokkur Miðflokksins tapar stórt – bandamanni Trumps og Pútins hafnað og fleygt á dyr
3	2285	2026_04_23_thordis-kollud-svikari-thad-sem-adur-var-adalsmerki-ordid-ad-svikamerki	Þórdís kölluð svikari – „Það sem áður var aðalsmerki orðið að svikamerki“
3	10163	2026_05_22_vilhelm-jonsson-skrifar-thjod-sem-laerdi-ad-lifa-hnjanum	Vilhelm Jónsson skrifar: Þjóð sem lærði að lifa á hnjánum
3	4696	2026_05_30_hannes-orn-blandon-skrifar-greinin-sem-fekkst-ekki-birt-visi	Hannes Örn Blandon skrifar: Greinin sem fékkst ekki birt á Vísi
3	1192	2026_06_05_thorgerdur-katrin-segir-folki-hafa-verid-hotad-fyrir-ad-vilja-saeti-lista-vidreisnar-eg-vil-ekki-bua-thannig-samfelagi	Þorgerður Katrín segir fólki hafa verið hótað fyrir að vilja sæti á lista Viðreisnar - „Ég vil ekki búa í þannig samfélagi“
3	3849	2026_06_10_ari-kr-saemundsen-skrifar-ets-hvad	Ari Kr. Sæmundsen skrifar: ETS hvað
3	2499	2026_06_18_ordid-a-gotunni-a-fullu-kaupi-ad-leika-ser-i-golfi-i-utlondum-a-medan-thingstorf	Orðið á götunni: Á fullu kaupi að leika sér í golfi í útlöndum á meðan þingstörf standa yfir
3	3918	2026_07_03_kolbrun-bergthorsdottir-skrifar-skyggnigafa-nei-sinna	Kolbrún Bergþórsdóttir skrifar: Skyggnigáfa Nei-sinna
3	4460	2026_07_10_thorvaldur-ingi-jonsson-skrifar-hvada-island-erfir-unga-kynslodin-ahrif-a	Þorvaldur Ingi Jónsson skrifar: Hvaða Ísland erfir unga kynslóðin – áhrif á höfuðbólinu eða hjáleigunni?
3	2008	2026_07_15_sigvaldi-einarsson-skrifar-ein-a-berangri-verdur-engin-thjod-frjals	Sigvaldi Einarsson skrifar: Ein á berangri verður engin þjóð frjáls
3	1443	2026_07_16_sigvaldi-einarsson-skrifar-vid-erum-nu-thegar-leigulidar-bara-atkvaedisrettar	Sigvaldi Einarsson skrifar: Við erum nú þegar leiguliðar, bara án atkvæðisréttar
3	3539	2026_07_24_throstur-segir-dapurlegt-ad-hlusta-a-verkalydsleidtogana-thad-er-skroksaga	Þröstur segir dapurlegt að hlusta á verkalýðsleiðtogana: „Það er skröksaga“
3	3749	2026_07_31_sigmundur-ernir-skrifar-ja-er-fyrir-almenning-en-nei-er-handa-elitunni	Sigmundur Ernir skrifar: JÁ er fyrir almenning, en NEI er handa elítunni
3	3167	2026_08_06_thjodaratkvaedagreidslan-fengu-hatidarsal-hi-a-folskum-forsendum-leyndu-thvi-ad	Þjóðaratkvæðagreiðslan: Fengu hátíðarsal HÍ á fölskum forsendum – leyndu því að Áfram Ísland yrði með áróðursfund
3	5548	2026_08_06_thorvaldur-ingi-jonsson-skrifar-kostar-vaxtaumhverfid-unga-fjolskyldu-thrja-manudi	Þorvaldur Ingi Jónsson skrifar: Kostar vaxtaumhverfið unga fjölskyldu þrjá mánuði af starfsárinu árið 2026?
3	4686	2026_08_07_svarthofdi-skrifar-samtok-baenda-eru-enn-gegn-framforum-voru-a-moti-ritsimanum	Svarthöfði skrifar: Samtök bænda eru enn gegn framförum – voru á móti ritsímanum 1905
3	5116	2026_08_08_gauti-b-eggertsson-thu-verndar-fullveldid-i-hopi-sterkra-rikja-med-sameiginleg	Gauti B. Eggertsson: Þú verndar fullveldið í hópi sterkra ríkja með sameiginleg gildi
3	4406	2026_08_09_ordid-a-gotunni-plottid-mistokst-baudenbacher-russavinur-vinnur-med-nei-sinnum	Orðið á götunni: Plottið mistókst – Baudenbacher Rússavinur vinnur með nei-sinnum
3	3207	2026_08_15_halldor-jorgen-olesen-danski-hofudstollinn-obreyttur-en-islenski-hofudstollinn	Halldór Jörgen Olesen: Danski höfuðstóllinn óbreyttur en íslenski höfuðstóllinn hækkar um 60%
3	5075	2026_08_15_hrund-rudolfsdottir-eg-segi-bara-til-hamingju-vid-fjolskyldur-sem-eru-klofnar-i	Hrund Rudolfsdóttir: Ég segi bara til hamingju við fjölskyldur sem eru klofnar í herðar niður vegna atkvæðagreiðslunnar
2	5539	2026_04_03_ordid-linur-teknar-ad-motast-sex-vikum-fyrir-kosningar-samfylkingin-liklegur-sigurvegari-kosninganna	Orðið: Línur teknar að mótast sex vikum fyrir kosningar – Samfylkingin líklegur sigurvegari kosninganna
2	3902	2026_04_19_kolbrun-bergthorsdottir-skrifar-skrytnar-aherslur	Kolbrún Bergþórsdóttir skrifar: Skrýtnar áherslur
2	4312	2026_04_25_sigmundur-ernir-skrifar-flottinn-ur-sjalfstaedisflokknum	Sigmundur Ernir skrifar: Flóttinn úr Sjálfstæðisflokknum
2	2516	2026_04_29_maria-rut-kristinsdottir-skrifar-vidreisnarvor-um-allt-land	María Rut Kristinsdóttir skrifar: Viðreisnarvor um allt land
2	3287	2026_05_26_ordid-gotunni-hvenaer-er-strax-allavega-ekki-strax-dag	Orðið á götunni: Hvenær er strax? – Allavega ekki strax í dag
2	4988	2026_06_11_eythor-edvardsson-skrifar-ets-fyrir-hugsandi-einstaklinga	Eyþór Eðvarðsson skrifar: ETS fyrir hugsandi einstaklinga
2	4974	2026_06_25_gudjon-fridriksson-skrifar-hvad-hefdi-joni-sigurdssyni-thott	Guðjón Friðriksson skrifar: Hvað hefði Jóni Sigurðssyni þótt?
2	4844	2026_07_10_ordid-a-gotunni-tharf-a-peningaoflunum-ad-halda-heima-og-erlendis	Orðið á götunni: Þarf á peningaöflunum að halda heima og erlendis
2	6638	2026_07_15_sigurdur-sigurdsson-skrifar-draugar-fortidar-vid-skraargatid-hvers-vegna	Sigurður Sigurðsson skrifar: Draugar fortíðar við skráargatið – Hvers vegna aflandsparadísir elítunnar munu alltaf fella dóm yfir sjálfum sér
2	1929	2026_07_29_bolli-hedinsson-skrifar-bara-a-islandi-haekkudu-lanin-og-husnaedid-var-bodid-upp	Bolli Héðinsson skrifar: Bara á Íslandi hækkuðu lánin – og húsnæðið var boðið upp
2	3403	2026_08_08_hannes-og-ragnar-skora-a-rektor-ad-leigja-theim-hatidarsalinn-aftur-thessi	Hannes og Ragnar skora á rektor að leigja þeim hátíðarsalinn: „Þessi misskilningur er óskiljanlegur”
2	3097	2026_08_14_thorvaldur-ingi-jonsson-skrifar-ovissan-hefur-ahrif-a-allt-okkar-lif-a-islandi	Þorvaldur Ingi Jónsson skrifar: Óvissan hefur áhrif á allt okkar líf á Íslandi – tækifærin sem við missum
1	3129	2026_03_25_furduraedur-thingmanns-sjalfstaedisflokks-vekja-athygli-eg-er-aedislegur	Furðuræður þingmanns Sjálfstæðisflokksins vekja athygli - „Ég er æðislegur“
1	3330	2026_04_12_ordid-gotunni-rikisstjornin-og-orka-natturunnar-gera-sitt-boltinn-er-hja-sa-sporin-hraeda	Orðið á götunni: Ríkisstjórnin og Orka náttúrunnar gera sitt – boltinn er hjá SA – sporin hræða
1	7271	2026_04_14_thorunn-sveinbjarnardottir-thydir-ekkert-ad-aepa-og-gola-hvert-annad-verdum-ad-koma-saman-og-vid-gerum-thad-yfirleitt-midjunni	Þórunn Sveinbjarnardóttir: Þýðir ekkert að æpa og góla hvert á annað - verðum að koma saman og við gerum það yfirleitt á miðjunni
1	5746	2026_04_18_gudfinna-joh-gudmundsdottir-skrifar-litli-ljoti-gradugi-leigusalinn	Guðfinna Jóh. Guðmundsdóttir skrifar: Litli ljóti gráðugi leigusalinn
1	5699	2026_04_19_eyjolfur-armannsson-verra-en-thegar-vid-gengum-noregskonungi-hond-1264-thjodaroryggismal-ad-islensk-skip-seu-skrad	Eyjólfur Ármannsson: Verra en þegar við gengum Noregskonungi á hönd 1264 – þjóðaröryggismál að íslensk skip séu skráð hér
1	3782	2026_04_20_eythor-edvardsson-skrifar-gagnryni-radherra-ets-er-oabyrg-og-verri-en-ad-pissa-skoinn-rong-nalgun-raunverulegt-vandamal	Eyþór Eðvarðsson skrifar: Gagnrýni ráðherra á ETS er óábyrg og verri en að „pissa í skóinn“ – Röng nálgun á raunverulegt vandamál
1	2928	2026_04_30_orn-geirsson-skrifar-nyr-golfvollur-hafnarfirdi	Örn Geirsson skrifar: Nýr golfvöllur í Hafnarfirði
1	3659	2026_04_30_ragnar-thor-ingolfsson-atakid-ekki-bara-reykjavik-uppbygging-fram-undan-landsbyggdinni	Ragnar Þór Ingólfsson: Átakið ekki bara í Reykjavík – uppbygging fram undan á landsbyggðinni
1	6804	2026_05_02_ragnar-thor-ingolfsson-erum-ekki-ad-boda-bara-eitthvad-eins-og-sidasta-rikisstjorn-uppbyggingin-er-athreifanleg	Ragnar Þór Ingólfsson: Erum ekki að boða bara eitthvað eins og síðasta ríkisstjórn – uppbyggingin er áþreifanleg
1	6445	2026_05_07_segir-ad-heida-hyggi-hefndir-gegn-petri	Segir að Heiða hyggi á hefndir gegn Pétri
1	4593	2026_05_12_bjorg-magnusdottir-eg-vil-borg-sem-bornin-min-vilja-bua	Björg Magnúsdóttir: Ég vil borg sem börnin mín vilja búa í
1	5385	2026_05_14_thorsteinn-palsson-skrifar-samgonguframkvaemdir-stoppa-strax	Þorsteinn Pálsson skrifar: Samgönguframkvæmdir stoppa strax
1	6899	2026_05_28_albert-jonsson-russland-er-dvergur-samanborid-vid-kina-reynir-ad-vera-meira-en-thad-er	Albert Jónsson: Rússland er dvergur samanborið við Kína – reynir að vera meira en það er
1	4104	2026_06_01_sigvaldi-einarsson-skrifar-eg-sagdist-aetla-ad-byggja-islenska-gervigreind-nuna-er-hun-tilbuin	Sigvaldi Einarsson skrifar: Ég sagðist ætla að byggja íslenska gervigreind – núna er hún tilbúin
1	3564	2026_06_02_jon-endurbirtir-malverk-thrandar-af-ser-nasistabuningi-nu-er-oldin-onnur	Jón og Áslaug Arna endurbirta málverk Þrándar af sér í nasistabúningi: „Nú er öldin önnur“
1	5301	2026_06_09_allt-a-sudupunkti-vegna-brottfararstodvar-hardlinan-i-fjarhaegrinu-fagnar-en-fair	Allt á suðupunkti vegna brottfararstöðvar: „Harðlínan í fjarhægrinu fagnar en fáir aðrir“
1	4376	2026_06_12_nina-richter-skrifar-skjotum-upp-fana-rassinn-stjana	Nína Richter skrifar: „Skjótum upp fána í rassinn á Stjána“
1	3859	2026_06_26_kolbrun-bergthorsdottir-skrifar-ekki-af-rettu-thjoderni	Kolbrún Bergþórsdóttir skrifar: Ekki af réttu þjóðerni
1	6448	2026_06_29_gudfinna-joh-gudmundsdottir-gusuaedid-borgarrad-og-grasleppuskur	Guðfinna Jóh. Guðmundsdóttir: Gusuæðið, borgarráð og grásleppuskúr
1	2746	2026_07_02_nina-richter-skrifar-leigubilstjorinn-fra-marokko	Nína Richter skrifar: Leigubílstjórinn frá Marokkó
1	2118	2026_07_10_ordid-a-gotunni-senn-dregur-til-tidinda-i-kviku-banka	Orðið á götunni: Senn dregur til tíðinda í Kviku banka
1	2264	2026_07_17_ottar-gudmundsson-skrifar-svangt-barn-bordar	Óttar Guðmundsson skrifar: Svangt barn borðar
1	3583	2026_07_23_erna-bjarnadottir-skrifar-takmorkud-notkun-syklalyfja-i-bufjarraekt-er	Erna Bjarnadóttir skrifar: Takmörkuð notkun sýklalyfja í búfjárrækt er samfélagslegt verðmæti
1	2308	2026_07_31_ottar-gudmundsson-skrifar-blessad-internetid	Óttar Guðmundsson skrifar: Blessað internetið
1	8910	2026_08_02_bjorn-jon-skrifar-er-vinstri-rottaekni-ad-deyja-ut	Björn Jón skrifar: Er vinstri róttækni að deyja út?
1	3948	2026_08_13_gudmundur-einarsson-skrifar-olafur-ragnar-er-kominn-heim	Guðmundur Einarsson skrifar: Ólafur Ragnar er kominn heim
1	3711	2026_08_14_halldor-jorgen-olesen-islensk-fjolskylda-borgar-150-thusund-meira-a-manudi-i	Halldór Jörgen Olesen: Íslensk fjölskylda borgar 150 þúsund meira á mánuði í húsnæðislán vegna krónunnar
1	5054	2026_08_14_hrund-rudolfsdottir-mikil-forrettindi-ad-fa-ad-sitja-i-stjornum-fyrirtaekja-arin-i	Hrund Rudolfsdóttir: Mikil forréttindi að fá að sitja í stjórnum fyrirtækja – árin í Danmörku mótuðu viðhorfið
0	5953	2026_03_23_spennan-magnast-danmorku-gamli-refurinn-enn-ny-med-palmann-hondunum	Spennan magnast í Danmörku - Gamli refurinn enn á ný með pálmann í höndunum
0	3034	2026_03_24_ordid-gotunni-thingflokkar-stjornarinnar-talsvert-staerri-en-thingflokkar-andstodunnar-formannsskipti-breyta-litlu-hja-sjalfstaedisflokki-og-framsokn	Orðið á götunni: Þingflokkar stjórnarinnar talsvert stærri en þingflokkar andstöðunnar – formannsskipti breyta litlu hjá Sjálfstæðisflokki og Framsókn
0	1910	2026_03_24_rynt-fylgi-flokkanna-unga-folkid-snyr-baki-vid-midflokknum-og-austurland-flyr-fra-samfylkingunni-yfir-fadm-sjalfstaedisflokksins	Rýnt í fylgi flokkanna - Unga fólkið snýr baki við Miðflokknum og Austurland flýr frá Samfylkingunni yfir í faðm Sjálfstæðisflokksins
0	3395	2026_03_25_kristin-gudmundsdottir-skrifar-aminningar-logum-um-opinbera-starfsmenn-hvad-er-hufi-fyrir-aldrada	Kristín Á. Guðmundsdóttir skrifar: Áminningar í lögum um opinbera starfsmenn – hvað er í húfi fyrir aldraða?
0	2743	2026_03_26_svarthofdi-skrifar-sjalfbaer-hringras-bullfretta	Svarthöfði skrifar: Sjálfbær hringrás bullfrétta
0	7345	2026_03_27_hermann-bjornsson-forstjori-sjovar-getum-gert-betur-og-skynsamar-en-gert-er-dag	Hermann Björnsson, forstjóri Sjóvár: Getum gert betur og skynsamar en gert er í dag
0	2482	2026_03_27_nina-richter-skrifar-thegar-eg-fekk-lelega-einkunn	Nína Richter skrifar: Þegar ég fékk lélega einkunn
0	3811	2026_03_27_sigurdur-holmar-johannesson-skrifar-rikid-er-fyrirtaeki-med-eina-voru-og-ekkert-hugmyndaflug	Sigurður Hólmar Jóhannesson skrifar: Ríkið er fyrirtæki með eina vöru og ekkert hugmyndaflug
0	3781	2026_03_28_hermann-bjornsson-forstjori-sjovar-simnotkun-undir-styri-jafnstort-mal-og-oryggisbeltin-sinum-tima	Hermann Björnsson, forstjóri Sjóvár: Símnotkun undir stýri jafnstórt mál og öryggisbeltin á sínum tíma
0	2065	2026_03_28_ottar-gudmundsson-skrifar-hart-er-heimi	Óttar Guðmundsson skrifar: Hart er í heimi
0	5357	2026_03_29_bjorn-jon-skrifar-thankar-um-hnignun	Björn Jón skrifar: Þankar um hnignun
0	3987	2026_03_29_hermann-bjornsson-mikil-taekifaeri-thvi-ad-vera-eina-tryggingafelagid-sem-er-ohad-banka	Hermann Björnsson: Mikil tækifæri í því að vera eina tryggingafélagið sem er óháð banka
0	6914	2026_03_29_jon-gnarr-skrifar-dalalif	Jón Gnarr skrifar: Dalalíf
0	5058	2026_03_30_hermann-bjornsson-einkainnvidaframkvaemdir-spennandi-fjarfestingarkostur-fyrir-tryggingafelog	Hermann Björnsson: Einkainnviðaframkvæmdir spennandi fjárfestingarkostur fyrir tryggingafélög
0	6451	2026_03_31_hermann-bjornsson-tryggja-jafnvel-ulpurnar-sinar-af-thvi-thaer-kosta-svo-mikid	Hermann Björnsson: Tryggja jafnvel úlpurnar sínar af því þær kosta svo mikið
0	3241	2026_03_31_ordid-gotunni-bjarni-gengur-aftur-politik-og-reynir-ad-valda-skada	Orðið á götunni: Bjarni gengur aftur í pólitík og reynir að valda skaða
0	4542	2026_04_01_maria-rut-kristinsdottir-skrifar-skyjaborgir-eda-raunveruleikinn	María Rut Kristinsdóttir skrifar: Skýjaborgir eða raunveruleikinn
0	4929	2026_04_02_ordid-gotunni-aprilgabb-moggans-og-sjalfstaedisflokksins	Orðið á götunni: Aprílgabb Moggans og Sjálfstæðisflokksins
0	2995	2026_04_03_nina-richter-skrifar-islendingurinn-og-auto-exotisminn	Nína Richter skrifar: Íslendingurinn og auto-exotisminn
0	6751	2026_04_04_gudfinna-joh-gudmundsdottir-skrifar-airbnb-ibudir	Guðfinna Jóh. Guðmundsdóttir skrifar: Airbnb íbúðir
0	620	2026_04_04_kolbrun-bergthorsdottir-komin-dv	Kolbrún Bergþórsdóttir komin á DV
0	4005	2026_04_04_sigmundur-ernir-skrifar-slita-ber-tengslin-vid-israel	Sigmundur Ernir skrifar: Slíta ber tengslin við Ísrael
0	5226	2026_04_05_bjorn-jon-skrifar-sama-ljota-blokkin-um-allt	Björn Jón skrifar: Sama ljóta blokkin um allt
0	3553	2026_04_05_david-thor-bjorgvinsson-ef-nato-fer-skrufuna-er-varnarsamningurinn-vid-bandarikin-brostinn	Davíð Þór Björgvinsson: Ef NATO fer í skrúfuna er varnarsamningurinn við Bandaríkin brostinn
0	6299	2026_04_05_jon-gnarr-skrifar-hvad-er-sannleikur	Jón Gnarr skrifar: Hvað er sannleikur?
0	4962	2026_04_05_ordid-gotunni-graedgi-heimska	Orðið á götunni: Græðgi – Heimska
0	2116	2026_04_08_fyrrum-thingmadur-segir-engan-mun-sjalfstaedisflokknum-og-midflokknum-thetta-er-haettuleg-throun-sem-ungir-karlmenn-falla-fyrir-um-allt-land	Fyrrum þingmaður segir engan mun á Sjálfstæðisflokknum og Miðflokknum - „Þetta er hættuleg þróun sem ungir karlmenn falla fyrir um allt land“
0	2727	2026_04_09_ordid-gotunni-nu-verdur-horft-oliufelogin-laekkar-bensinid-thegar-heimsmarkadsverd-hrynur	Orðið á götunni: Nú verður horft á olíufélögin – lækkar bensínið þegar heimsmarkaðsverð hrynur?
0	4314	2026_04_10_nina-richter-skrifar-thessi-bar-er-skidalaust-rymi	Nína Richter skrifar: Þessi bar er skíðalaust rými
0	1960	2026_04_11_ottar-gudmundsson-skrifar-stora-paskaeggjadramad	Óttar Guðmundsson skrifar: Stóra páskaeggjadramað
0	5335	2026_04_11_sigmundur-ernir-skrifar-utlendingahatrid-flokkar-folk-eins-og-rusl	Sigmundur Ernir skrifar: Útlendingahatrið flokkar fólk eins og rusl
0	7534	2026_04_11_thorunn-sveinbjarnardottir-ekki-lengur-haegt-ad-thagga-nidur-konum	Þórunn Sveinbjarnardóttir: Ekki lengur hægt að þagga niður í konum
0	5556	2026_04_12_bjorn-jon-skrifar-thyskan-er-lykilatridi	Björn Jón skrifar: Þýskan er lykilatriði
0	3990	2026_04_12_kolbrun-bergthorsdottir-skrifar-trumpisminn-midflokknum	Kolbrún Bergþórsdóttir skrifar: Trumpisminn í Miðflokknum
0	1341	2026_04_13_gudmundur-ingi-kristinsson-segir-sig-ur-flokki-folksins-vegna-trunadarbrests	Guðmundur Ingi Kristinsson segir sig úr Flokki fólksins vegna trúnaðarbrests
0	2691	2026_04_13_sigurdur-holmar-johannesson-skrifar-afnemum-virdisaukaskatt-hjalpartaekjum	Sigurður Hólmar Jóhannesson skrifar: Afnemum virðisaukaskatt á hjálpartækjum
0	1009	2026_04_14_varathingmadur-samfylkingarinnar-aetlar-ad-kjosa-annan-flokk-vor	Varaþingmaður Samfylkingarinnar ætlar að kjósa annan flokk í vor
0	4453	2026_04_16_ordid-gotunni-vaelandi-ut-af-ollu-verdur-gudrunu-ytt-ut-naesta-landsfundi	Orðið á götunni: Vælandi út af öllu – verður Guðrúnu ýtt út á næsta landsfundi?
0	2272	2026_04_16_snorra-nog-bodid-skolabokasafnid-var-allt-thakid-flennistorum-regnbogafanum	Snorra nóg boðið - „Skólabókasafnið var allt þakið flennistórum regnbogafánum“
0	3990	2026_04_17_eyjolfur-armannsson-kvotakerfid-ad-vernda-stofna-og-studla-ad-hagraedingu-lika-tryggja-byggd-og-atvinnu	Eyjólfur Ármannsson: Kvótakerfið á að vernda stofna og stuðla að hagræðingu – líka tryggja byggð og atvinnu
0	5091	2026_04_17_nina-richter-skrifar-eru-hljodbaekur-fyrir-olaesa-saudi	Nína Richter skrifar: Eru hljóðbækur fyrir ólæsa sauði?
0	4458	2026_04_17_ordid-gotunni-forysta-kennara-eins-og-liu-vilja-rada-ollu-og-allir-adrir-eru-oupplystir-bjalfar	Orðið á götunni: Forysta kennara eins og LÍÚ – vilja ráða öllu og allir aðrir eru óupplýstir bjálfar
0	5382	2026_04_18_eyjolfur-armannsson-thurfum-meiri-strandsiglingar-fellum-bara-nidur-ets-gjoldin	Eyjólfur Ármannsson: Þurfum meiri strandsiglingar – fellum bara niður ETS gjöldin
0	2156	2026_04_18_ottar-gudmundsson-skrifar-baegifotur-gengur-aftur	Óttar Guðmundsson skrifar: Bægifótur gengur aftur
0	3194	2026_04_18_samfylking-bodar-breytingar-grunni-jafnadarmennsku	Samfylking boðar „breytingar á grunni jafnaðarmennsku”
0	3699	2026_04_18_sigmundur-ernir-skrifar-hraedslan-vid-fjolbreytileikann	Sigmundur Ernir skrifar: Hræðslan við fjölbreytileikann
0	5565	2026_04_19_bjorn-jon-skrifar-borg-tharf-bilastaedi	Björn Jón skrifar: Í borg þarf bílastæði
0	3470	2026_04_20_eyjolfur-armannsson-mynd-vilja-sja-thad-sama-hja-okkur-og-moltu	Eyjólfur Ármannsson: Myndi vilja sjá það sama hjá okkur og á Möltu
0	3499	2026_04_21_eyjolfur-armannsson-forgangsrodunin-gangagerd-er-skynsamleg-og-tekur-bradum-vanda	Eyjólfur Ármannsson: Forgangsröðunin í gangagerð er skynsamleg og tekur á bráðum vanda
0	3066	2026_04_21_gudfinna-joh-gudmundsdottir-skrifar-vidhaldsframkvaemdir-fjoleignarhusum	Guðfinna Jóh. Guðmundsdóttir skrifar: Viðhaldsframkvæmdir í fjöleignarhúsum
0	4254	2026_04_21_vidreisn-kynnir-aherslur-sinar-reykjavik-thessu-aetlum-vid-ad-snua-vid	Viðreisn kynnir áherslur sínar í Reykjavík: „Þessu ætlum við að snúa við“
0	6228	2026_04_23_harpa-hildiberg-skrifar-hversu-margir-thurfa-ad-deyja-adur-en-stjornvold-breyta-kerfinu	Harpa Hildiberg skrifar: Hversu margir þurfa að deyja áður en stjórnvöld breyta kerfinu?
0	5828	2026_04_24_halla-hrund-logadottir-finn-mig-midjunni-er-kannski-meiri-sattasemjari-en-politikus	Halla Hrund Logadóttir: Finn mig á miðjunni – er kannski meiri sáttasemjari en pólitíkus
0	6268	2026_04_24_nina-richter-skrifar-thegar-michael-jackson-klippingu	Nína Richter skrifar: Þegar Michael Jackson fór í klippingu
0	2977	2026_04_25_halla-hrund-logadottir-ordraedan-hefur-polariserast-soluvaenar-fyrirsagnir-kostnad-innihalds	Halla Hrund Logadóttir: Orðræðan hefur pólaríserast – söluvænar fyrirsagnir á kostnað innihalds
0	1198	2026_04_25_ordid-gotunni-vidreisn-lykilstodu-samkvaemt-nyrri-konnun	Orðið á götunni: Viðreisn í lykilstöðu samkvæmt nýrri könnun
0	2103	2026_04_25_ottar-gudmundsson-skrifar-salka-valka	Óttar Guðmundsson skrifar: Salka Valka
0	5864	2026_04_26_bjorn-jon-skrifar-delluhugmyndir-um-kennslu	Björn Jón skrifar: Delluhugmyndir um kennslu
0	2372	2026_04_26_gudfinna-joh-gudmundsdottir-uppsogn-otimabundinna-leigusamninga	Guðfinna Jóh. Guðmundsdóttir: Uppsögn ótímabundinna leigusamninga
0	4259	2026_04_26_halla-hrund-logadottir-meiri-samvinnu-minni-politik-tharf-ad-vera-skikk-hlutunum	Halla Hrund Logadóttir: Meiri samvinnu, minni pólitík – þarf að vera skikk á hlutunum
0	5097	2026_04_27_halla-hrund-logadottir-forgangsmal-ad-tryggja-forgang-almennings-orkumalum	Halla Hrund Logadóttir: Forgangsmál að tryggja forgang almennings í orkumálum
0	6745	2026_04_28_forystufolk-sjalfstaedisflokksins-hafnarfirdi-sakad-um-ad-dreifa-rongum-upplysingum-um-leikskolamal-ai-kokkadi-thetta-upp-af-alnetinu	Forystufólk Sjálfstæðisflokksins í Hafnarfirði sakað um að dreifa röngum upplýsingum um leikskólamál - „AI kokkaði þetta upp af alnetinu"
0	4573	2026_04_28_ordid-gotunni-hlytur-ad-styttast-nyjan-ritstjori-morgunbladsins-astandid-ordid-vandraedalegt	Orðið á götunni: Hlýtur að styttast í nýjan ritstjóra Morgunblaðsins – ástandið orðið vandræðalegt
0	1904	2026_04_30_hafnarfjordur-meirihlutinn-kolfallinn-vidreisn-med-palmann-hondunum	Hafnarfjörður: Meirihlutinn kolfallinn – Viðreisn með pálmann í höndunum
0	2488	2026_05_01_nina-richter-skrifar-islenska-svefnleikhusid	Nína Richter skrifar: Íslenska svefnleikhúsið
0	4372	2026_05_01_ragnar-thor-ingolfsson-erum-ad-einfalda-byggingarreglugerd-fer-ur-18-koflum-8	Ragnar Þór Ingólfsson: Erum að einfalda byggingarreglugerð – fer úr 18 köflum í 8
0	3464	2026_05_01_sigurdur-holmar-johannesson-skrifar-thetta-var-fyrirsjaanlegt	Sigurður Hólmar Jóhannesson skrifar: Þetta var fyrirsjáanlegt
0	1978	2026_05_02_ottar-gudmundsson-skrifar-galdramenn-ganga-aftur	Óttar Guðmundsson skrifar: Galdramenn ganga aftur
0	8903	2026_05_03_bjorn-jon-skrifar-mikil-er-skomm-borgarstjornar-mali-sera-fridriks	Björn Jón skrifar: Mikil er skömm borgarstjórnar í máli séra Friðriks
0	7723	2026_05_03_gudfinna-joh-gudmundsdottir-skrifar-timabundnir-leigusamningar	Guðfinna Jóh. Guðmundsdóttir skrifar: Tímabundnir leigusamningar
0	4090	2026_05_03_kolbrun-bergthorsdottir-skrifar-oddvitar-svidsljosi	Kolbrún Bergþórsdóttir skrifar: Oddvitar í sviðsljósi
0	2557	2026_05_03_ordid-gotunni-verdur-ari-edwald-borgarstjoraefni-minnihlutans	Orðið á götunni: Verður Ari Edwald borgarstjóraefni minnihlutans?
0	5456	2026_05_03_ragnar-thor-ingolfsson-framganga-stjornarandstodunnar-med-hreinum-olikindum	Ragnar Þór Ingólfsson: Framganga stjórnarandstöðunnar með hreinum ólíkindum
0	1769	2026_05_03_samfylking-vidreisn-og-ohadir-seltjarnarnesi-kynna-stefnuskra-sina-og-opna-nyjan-vef	Samfylking, Viðreisn og óháðir á Seltjarnarnesi kynna stefnuskrá sína og opna nýjan vef
0	3820	2026_05_04_ragnar-thor-ingolfsson-grimulaus-serhagsmunagaesla-stjornarandstodunnar-trunadarupplysingum-deilt-med-hagsmunaadilum	Ragnar Þór Ingólfsson: Grímulaus sérhagsmunagæsla stjórnarandstöðunnar – trúnaðarupplýsingum deilt með hagsmunaaðilum
0	3681	2026_05_04_silja-missti-andlitid-vegna-ummaela-bjarna-um-leigjendur-felagsbustada-myndband	Silja „missti andlitið“ vegna ummæla Bjarna um leigjendur Félagsbústaða - Myndband
0	5017	2026_05_05_halldor-jorgen-skrifar-ordraedugreining-ollum-11-frambodunum-reykjavik	Halldór Jörgen skrifar: Orðræðugreining á öllum 11 framboðunum í Reykjavík
0	3513	2026_05_05_ordid-gotunni-flyr-asdis-kristjansdottir-kopavog-eins-og-rosa-gudbjartsdottir-fludi-ur-baejarstjorn-hafnarfjardar	Orðið á götunni: Flýr Ásdís Kristjánsdóttir Kópavog eins og Rósa Guðbjartsdóttir flúði úr bæjarstjórn Hafnarfjarðar?
0	3370	2026_05_06_athafnamadur-anaegdur-med-kristrunu-en-ekki-loga-og-flokkinn-ohreinlyndi-og-eiginhagsmunagaesla	Athafnamaður ánægður með Kristrúnu en ekki Loga og flokkinn - „Óhreinlyndi og eiginhagsmunagæsla“
0	3535	2026_05_06_bjorg-ekki-spennt-fyrir-ad-mynda-meirihluta-med-samfylkingunni-sem-er-komin-thronga-stodu	Björg ekki spennt fyrir að mynda meirihluta með Samfylkingunni sem er komin í þrönga stöðu
0	2434	2026_05_08_bjorg-magnusdottir-kostnadur-vid-ithrottir-og-fristundir-barna-veldur-stettaskiptingu	Björg Magnúsdóttir: Kostnaður við íþróttir og frístundir barna veldur stéttaskiptingu
0	2090	2026_05_08_hagar-taka-thatt-uppbyggingu-thorlakshofn-og-olfusi	Hagar taka þátt í uppbyggingu í Þorlákshöfn og Ölfusi
0	4146	2026_05_08_ordid-gotunni-hefndararattan-rikir-sjalfstaedisflokknum-ekki-odrum-flokkum	Orðið á götunni: Hefndaráráttan ríkir í Sjálfstæðisflokknum – ekki í öðrum flokkum
0	4637	2026_05_08_petur-marteinsson-striddi-vid-namsordugleika-fotboltinn-gaf-mer-sjalfstraust	Pétur Marteinsson: Stríddi við námsörðugleika – fótboltinn gaf mér sjálfstraust
0	6530	2026_05_08_vilhelm-jonsson-skrifar-sjalfskapaviti-borgaryfirvalda-hvenaer-er-komid-nog	Vilhelm Jónsson skrifar: Sjálfskapavíti borgaryfirvalda – hvenær er komið nóg?
0	7431	2026_05_09_bjorg-magnusdottir-getum-ekki-bara-gert-reykjavik-ad-einhverri-bandariskri-bilaborg	Björg Magnúsdóttir: Getum ekki bara gert Reykjavík að einhverri bandarískri bílaborg
0	3786	2026_05_09_petur-marteinsson-fram-storan-part-minu-hjarta-er-samt-mikill-kr-ingur	Pétur Marteinsson: Fram á stóran part í mínu hjarta – er samt mikill KR-ingur
0	3610	2026_05_10_bjorg-magnusdottir-ekki-hlutverk-borgarfulltrua-ad-staekka-selalaugina-eda-gefa-ut-afmaelisleidbeiningar	Björg Magnúsdóttir: Ekki hlutverk borgarfulltrúa að stækka selalaugina eða gefa út afmælisleiðbeiningar
0	6893	2026_05_10_gudjon-fridriksson-skrifar-allt-retta-att-aftur	Guðjón Friðriksson skrifar: Allt í rétta átt – aftur
0	2018	2026_05_10_ordid-gotunni-kosningabomban-sem-ekkert-er-hver-lak-og-fyrir-hvada-andstaeding	Orðið á götunni: Kosningabomban sem ekkert er – hver lak og fyrir hvaða andstæðing?
0	7959	2026_05_10_petur-marteinsson-oabyrgt-ad-taka-upp-samgongusattmalann-faum-ekkert-svona-samkomulag-aftur	Pétur Marteinsson: Óábyrgt að taka upp Samgöngusáttmálann – fáum ekkert svona samkomulag aftur
0	8646	2026_05_11_arni-stefan-skrifar-opid-bref-til-atvinnuvegaradherra-fordaemum-ofbeldi-gegn-mast-fordaemum-ofbeldi-mast	Árni Stefán skrifar: Opið bréf til atvinnuvegaráðherra – Fordæmum ofbeldi gegn MAST – fordæmum ofbeldi MAST
0	5780	2026_05_11_bjorg-magnusdottir-skuldum-bornunum-ad-halda-afram-med-samgongusattmalann	Björg Magnúsdóttir: Skuldum börnunum að halda áfram með Samgöngusáttmálann
0	4683	2026_05_11_eg-taldi-ord-malefnaskram-frambodanna-11-nidurstadan-var-othaegileg	Ég taldi orð í málefnaskrám framboðanna 11 - Niðurstaðan var óþægileg
0	2237	2026_05_11_gudfinna-joh-gudmundsdottir-skrifar-husaleigulogin-eru-torf	Guðfinna Jóh. Guðmundsdóttir skrifar: Húsaleigulögin eru torf
0	2669	2026_05_11_innkaupakort-einars-thorsteinssonar-hotel-og-leigubilar-mest-aberandi	Innkaupakort Einars Þorsteinssonar: Hótel og leigubílar mest áberandi
0	4784	2026_05_11_ordid-gotunni-midflokksarmurinn-vill-asdisi-baejarstjora-sem-formann-stad-gudrunar-tidinda-ad-vaenta-fyrir-landsfund-2027	Orðið á götunni: Miðflokksarmurinn vill Ásdísi bæjarstjóra sem formann í stað Guðrúnar – tíðinda að vænta fyrir landsfund 2027
0	7488	2026_05_11_petur-marteinsson-valid-stendur-milli-thess-hvort-vid-viljum-likjast-houston-eda-kaupmannahofn	Pétur Marteinsson: Valið stendur milli þess hvort við viljum líkjast Houston eða Kaupmannahöfn
0	1961	2026_05_12_helgi-segir-sjalfstaedisflokkinn-standa-fyrir-gisinni-uthverfastefnu-sem-valdi-umferdartofum	Helgi segir Sjálfstæðisflokkinn standa fyrir gisinni úthverfastefnu sem valdi umferðartöfum
0	6690	2026_05_12_kristrun-frostadottir-barnaskatturinn-kopavogi-aras-konur-tekjulaegri-og-ungt-folk	Kristrún Frostadóttir: Barnaskatturinn í Kópavogi árás á konur, tekjulægri og ungt fólk
0	4146	2026_05_12_ordid-gotunni-strax-eftir-nokkur-ar-midad-vid-reynsluna-af-sjalfstaedisflokknum	Orðið á götunni: STRAX eftir nokkur ár miðað við reynsluna af Sjálfstæðisflokknum
0	4494	2026_05_12_petur-marteinsson-dadradi-ungur-vid-frjalshyggju-og-sjalfstaedisflokkinn-drakk-mig-sosialdemokratiuna-svithjod	Pétur Marteinsson: Daðraði ungur við frjálshyggju og Sjálfstæðisflokkinn – drakk í mig sósíaldemókratíuna í Svíþjóð
0	5066	2026_05_13_kristrun-frostadottir-ottast-ad-sjalfstaedisflokkurinn-muni-selja-orkuveituna-komist-hann-til-valda-reykjavik	Kristrún Frostadóttir: Óttast að Sjálfstæðisflokkurinn muni selja Orkuveituna komist hann til valda í Reykjavík
0	3571	2026_05_13_ordid-gotunni-omerkileg-politik-lokaspretti-hildur-hefur-gefid-upp-boltann-kallar-eftir-vidbrogdum	Orðið á götunni: Ómerkileg pólitík á lokaspretti – Hildur hefur gefið upp boltann – kallar eftir viðbrögðum
0	4788	2026_05_13_vilhelm-jonsson-skrifar-borgarlinan-hver-borgar-thegar-reikningurinn-springur-ut	Vilhelm Jónsson skrifar: Borgarlínan – hver borgar þegar reikningurinn springur út?
0	4977	2026_05_14_kristrun-frostadottir-vaeri-algjor-afleikur-ad-setjast-aftur-ad-teiknibordinu	Kristrún Frostadóttir: Væri algjör afleikur að setjast aftur að teikniborðinu
0	3242	2026_05_14_ordid-gotunni-sporin-hraeda-salan-landsvirkjun-kostadi-borgarbua-hundrud-milljarda	Orðið á götunni: Sporin hræða – salan á Landsvirkjun kostaði borgarbúa hundruð milljarða
0	2695	2026_05_14_svarthofdi-skrifar-240-milljona-hjonin	Svarthöfði skrifar: 240 milljóna hjónin
0	2744	2026_05_15_gudmundur-einarsson-skrifar-framsokn-thatid	Guðmundur Einarsson skrifar: Framsókn í þátíð
0	2340	2026_05_15_hjalti-arnason-skrifar-hreinsanir-ad-varma	Hjalti Árnason skrifar: Hreinsanir að Varmá
0	4450	2026_05_15_kristrun-frostadottir-valid-stendur-milli-hards-haegri-meirihluta-eda-skynsemi-ut-fra-midjunni	Kristrún Frostadóttir: Valið stendur milli harðs hægri meirihluta eða skynsemi út frá miðjunni
0	4010	2026_05_15_ordid-gotunni-veit-einar-thorsteinsson-hvenaer-hann-segir-satt-og-hvenaer-hann-er-ad-ljuga	Orðið á götunni: Veit Einar Þorsteinsson hvenær hann segir satt og hvenær hann er að ljúga?
0	3937	2026_05_16_sigurdur-holmar-johannesson-skrifar-samfelag-sem-samthykkir-logbrot	Sigurður Hólmar Jóhannesson skrifar: Samfélag sem samþykkir lögbrot
0	3875	2026_05_17_kolbrun-bergthorsdottir-skrifar-haegri-kratar-og-x-d-kunningjar	Kolbrún Bergþórsdóttir skrifar: Hægri kratar og X-D kunningjar
0	3580	2026_05_18_utskyrir-addrattarafl-sjalfstaedisflokksins-thetta-snyst-ekki-adeins-um-stjornmal	Útskýrir aðdráttarafl Sjálfstæðisflokksins - „Þetta snýst ekki aðeins um stjórnmál"
0	3002	2026_05_19_ordid-gotunni-edlilegt-ad-sigurvegararnir-svari-kalli-kjosenda-otraust-fyrir-hildi-ad-sitja-skjoli-einars	Orðið á götunni: Eðlilegt að sigurvegararnir svari kalli kjósenda – ótraust fyrir Hildi að sitja í skjóli Einars
0	2965	2026_05_20_ordid-gotunni-hildur-volina-og-kvolina-aetlar-hun-ad-leida-flokkinn-sem-kjosendur-hofnudu-til-valda	Orðið á götunni: Hildur á völina og kvölina – ætlar hún að leiða flokkinn sem kjósendur höfnuðu til valda?
0	1684	2026_05_20_samkeppniseftirlitid-gerir-ekki-athugasemdir-vid-kaup-nova-ofar	Samkeppniseftirlitið gerir ekki athugasemdir við kaup Nova á Ofar
0	4691	2026_05_21_ordid-gotunni-meirihlutamyndun-reykjavik-floknari-en-af-er-latid-enn-getur-allt-gerst-fjordi-lelegasti-arangur-sjalfstaedisflokksins-sogunni	Orðið á götunni: Meirihlutamyndun í Reykjavík flóknari en af er látið – enn getur allt gerst – fjórði lélegasti árangur Sjálfstæðisflokksins í sögunni
0	2618	2026_05_27_ordid-gotunni-haegri-midjumeirihlutinn-bodar-gott-fyrir-samfelagid-og-borgarbua	Orðið á götunni: Hægri miðjumeirihlutinn boðar gott fyrir samfélagið og borgarbúa
0	3871	2026_05_29_albert-jonsson-gervigreindin-gaeti-verid-svarid-loftslagsmalum	Albert Jónsson: Gervigreindin gæti verið svarið í loftslagsmálum
0	5877	2026_05_30_albert-jonsson-trump-er-ekki-bara-tilviljun-hann-er-afurd-raunverulegra-adstaedna	Albert Jónsson: Trump er ekki bara tilviljun – hann er afurð raunverulegra aðstæðna
0	2440	2026_05_30_gudmundur-einarsson-skrifar-midflokkur-gul-vidvorun	Guðmundur Einarsson skrifar: Miðflokkur: Gul viðvörun
0	3328	2026_05_31_albert-jonsson-bandarikin-munu-afram-verja-island-ekki-sidur-theirra-hagsmunir-en-okkar	Albert Jónsson: Bandaríkin munu áfram verja Ísland – ekki síður þeirra hagsmunir en okkar
0	2145	2026_05_31_gudfinna-joh-gudmundsdottir-skrifar-ny-borgarstjorn	Guðfinna Jóh. Guðmundsdóttir skrifar: Ný borgarstjórn
0	3759	2026_06_01_brim-gerir-tilbod-um-kaup-hlutabrefum-sjalfu-ser-vegna-kaupa-lysi	Brim gerir tilboð um kaup á hlutabréfum í sjálfu sér vegna kaupa á Lýsi
0	6857	2026_06_01_ordid-gotunni-skilabodaskjoda-saegreifanna-hefur-ekki-ordid-vor-vid-fjarfestingar-theirra-odrum-atvinnugreinum	Orðið á götunni: Skilaboðaskjóða sægreifanna hefur ekki orðið vör við fjárfestingar þeirra í öðrum atvinnugreinum
0	2338	2026_06_02_alexandra-segir-hildi-gera-dyr-mistok-med-thessu-thad-er-alveg-otrulega-ogedslegt-einhvern-veginn	Alexandra segir Hildi gera dýr mistök með þessu: „Það er alveg ótrúlega...ógeðslegt einhvern veginn“
0	2969	2026_06_02_hildur-ordin-borgarstjori-petur-ottast-ad-breytingarnar-seu-til-ad-koma-burt-palestinufananum	Hildur orðin borgarstjóri – Pétur óttast að breytingarnar séu til að koma burt Palestínufánanum
0	3509	2026_06_02_sigurdur-holmar-johannesson-skrifar-vonin-byr-rannsoknarstofunum	Sigurður Hólmar Jóhannesson skrifar: Vonin býr á rannsóknarstofunum
0	3163	2026_06_03_aslaug-arna-haett-dag-verda-thvi-kaflaskil-minu-lifi	Áslaug Arna hætt: „Í dag verða því kaflaskil í mínu lífi“
0	2894	2026_06_03_fjarmalakerfid-traust-og-fasteignaverd-hefur-laekkad	Fjármálakerfið traust og fasteignaverð hefur lækkað
0	3308	2026_06_03_isfelagid-svipt-vigtunarleyfi-halft-ar-fiskistofa-telur-ad-att-hafi-verid-vid-vigtina	Ísfélagið missir vigtunarleyfi í hálft ár - Fiskistofa telur að átt hafi verið við vigtina
0	3153	2026_06_04_ordid-gotunni-naer-30-prosent-thingmanna-sjalfstaedisflokksins-farnir-aslaug-arna-sa-ad-stadan-hafdi-veikst	Orðið á götunni: Nær 30 prósent þingmanna Sjálfstæðisflokksins farnir – Áslaug Arna sá að staðan hafði veikst
0	2563	2026_06_04_sigurjon-segir-liggja-fyrir-ad-sjomennirnir-eigi-ad-fa-meira-verulega-vandraedalegt-fyrir-stjornendur-isfelagsins	Sigurjón segir liggja fyrir að sjómennirnir eigi að fá meira: „Verulega vandræðalegt fyrir stjórnendur Ísfélagsins“
0	1937	2026_06_04_thetta-sagdi-aslaug-arna-nakvaemlega-um-framtidaraformin-eg-utiloka-thad-ekki	Þetta sagði Áslaug Arna nákvæmlega um framtíðaráformin: „Ég útiloka það ekki“
0	2730	2026_06_06_sigurdur-holmar-johannesson-skrifar-timinn-bidur-ekki-eftir-barninu	Sigurður Hólmar Jóhannesson skrifar: Tíminn bíður ekki eftir barninu
0	1436	2026_06_07_isfelagid-vigtar-aflann-hja-fyrirtaeki-eigu-forstjorans-eftir-afturkollun-leyfis	Ísfélagið vigtar aflann hjá fyrirtæki í eigu forstjórans eftir afturköllun leyfis
0	4201	2026_06_10_maria-rut-kristinsdottir-ekki-kaupa-nyjan-heitan-pott-thegar-thakid-lekur	María Rut Kristinsdóttir: Ekki kaupa nýjan heitan pott þegar þakið lekur
0	3943	2026_06_10_ordid-a-gotunni-atvinnulifid-vaelir-vid-gratmurinn-i-borgartuni-35	Orðið á götunni: Atvinnulífið vælir við GRÁTMÚRINN í Borgartúni 35
0	5835	2026_06_10_vilhelm-jonsson-skrifar-landid-er-stjornlaust-og-urraedaleysid-algert	Vilhelm Jónsson skrifar: Landið er stjórnlaust — og úrræðaleysið algert
0	3073	2026_06_12_sigurdur-johannesson-skrifar-orfa-born-breyta-framtid-laeknisfraedinnar	Sigurður Jóhannesson skrifar: Örfá börn breyta framtíð læknisfræðinnar
0	2443	2026_06_13_ottar-gudmundsson-skrifar-glaumbaer	Óttar Guðmundsson skrifar: Glaumbær
0	6189	2026_06_14_bjorn-jon-skrifar-kennum-meiri-sogu	Björn Jón skrifar: Kennum meiri sögu!
0	2379	2026_06_15_vordur-og-gsi-kynna-nyja-utgafu-af-regluverdi	Vörður og GSÍ kynna nýja útgáfu af Regluverði
0	2875	2026_06_18_nina-richter-skrifar-party-a-nasa-sem-aldrei-var-til	Nína Richter skrifar: Partý á Nasa sem aldrei var til
0	502	2026_06_19_althingi-komid-i-sumarfri	Alþingi komið í sumarfrí
0	4365	2026_06_19_ordid-a-gotunni-hvad-verdur-um-midflokkinn-ef-enginn-vill-vinna-med-honum	Orðið á götunni: Hvað verður um Miðflokkinn ef enginn vill vinna með honum?
0	8181	2026_06_21_bjorn-jon-skrifar-kostir-thess-ad-draga-lifsanda	Björn Jón skrifar: Kostir þess að draga lífsanda
0	1406	2026_06_21_ordid-a-gotunni-jakob-frimann-er-sigurvegari	Orðið á götunni: Jakob Frímann er sigurvegari
0	9298	2026_06_22_gudfinna-joh-gudmundsdottir-skrifar-hversu-margir-thurfa-ad-samthykkja	Guðfinna Jóh. Guðmundsdóttir skrifar: Hversu margir þurfa að samþykkja ákvörðun á húsfundi
0	5727	2026_06_23_maria-rut-kristinsdottir-skrifar-er-kosningarettur-kvenna-kominn-i-gluggann	María Rut Kristinsdóttir skrifar: Er kosningaréttur kvenna kominn í gluggann?
0	2073	2026_06_25_nina-richter-skrifar-ad-bakast-i-brussel	Nína Richter skrifar: Að bakast í Brüssel
0	4807	2026_06_25_thorsteinn-viglundsson-hugverkaidnadurinn-buinn-ad-na-sjavarutveginum	Þorsteinn Víglundsson: Hugverkaiðnaðurinn búinn að ná sjávarútveginum
0	3238	2026_06_26_ordid-a-gotunni-glamskyggni-utgerdarforstjora-ridur-ekki-vid-einteyming	Orðið á götunni: Glámskyggni útgerðarforstjóra ríður ekki við einteyming
0	2162	2026_06_26_ordid-a-gotunni-hildur-reynir-ad-roa-hardlinuna-i-sjalfstaedisflokknum	Orðið á götunni: Hildur reynir að róa harðlínuna í Sjálfstæðisflokknum
0	2138	2026_06_26_ottar-gudmundsson-skrifar-thingvallatonleikar	Óttar Guðmundsson skrifar: Þingvallatónleikar
0	5745	2026_06_26_thorsteinn-viglundsson-alltaf-sami-vandinn-vid-bara-eydum-ollu-sem-hid-opinbera	Þorsteinn Víglundsson: Alltaf sami vandinn – við bara eyðum öllu sem hið opinbera aflar
0	3610	2026_06_26_thorsteinn-viglundsson-voxtur-hugverkageirans-takmarkast-af-hugvitinu-einu-saman	Þorsteinn Víglundsson: Vöxtur hugverkageirans takmarkast af hugvitinu einu saman
0	6084	2026_06_28_bjorn-jon-bragason-skrifar-islenskan-er-hreint-mognud	Björn Jón Bragason skrifar: Íslenskan er hreint mögnuð
0	4351	2026_06_29_ordid-a-gotunni-marklaus-gagnryni-lilju-er-vandinn-ekki-bara-sa-ad-framsokn-var	Orðið á götunni: Marklaus gagnrýni Lilju – er vandinn ekki bara sá að Framsókn var hafnað í Alþingiskosningum?
0	1550	2026_06_29_utibu-sjalfstaedisflokksins-gefur-ut-smasogu	Svarthöfði skrifar: Útibú Sjálfstæðisflokksins gefur út smásögu
0	3227	2026_06_30_vilhelm-jonsson-skrifar-hundrad-ara-afmaelid-vard-ad-bida-svidsljosid	Vilhelm Jónsson skrifar: Hundrað ára afmælið varð að bíða – sviðsljósið kallaði
0	2243	2026_07_03_ottar-gudmundsson-skrifar-fotboltahetjur	Óttar Guðmundsson skrifar: Fótboltahetjur
0	4907	2026_07_03_vilhelm-jonsson-skrifar-hversu-lengi-aetla-stjornvold-ad-horfa-a-bensindaeluna	Vilhelm Jónsson skrifar: Hversu lengi ætla stjórnvöld að horfa á bensíndæluna dæla verðbólgu inn í íslenskt hagkerfi?
0	5906	2026_07_05_bjorn-jon-skrifar-staerdfraedin-tharf-meira-vaegi	Björn Jón skrifar: Stærðfræðin þarf meira vægi
0	5771	2026_07_09_nina-richter-skrifar-hinn-brjalaedislega-otholandi-bono	Nína Richter skrifar: Hinn brjálæðislega óþolandi Bono
0	5495	2026_07_09_sigurdur-brynjar-palsson-aetladi-bara-ad-laera-husasmidi-en-endadi-sem	Sigurður Brynjar Pálsson: Ætlaði bara að læra húsasmíði en endaði sem húsasmíðameistari
0	2135	2026_07_10_ottar-gudmundsson-skrifar-haegra-heilahvelid	Óttar Guðmundsson skrifar: Hægra heilahvelið
0	5183	2026_07_10_sigurdur-brynjar-palsson-med-olikindum-ad-vid-skulum-ekki-laera-af-sogunni-thad	Sigurður Brynjar Pálsson: Með ólíkindum að við skulum ekki læra af sögunni – það eru til leiðir til úrbóta
0	5121	2026_07_10_sigurdur-brynjar-palsson-vid-vitum-ekkert-af-hverju-byggingar-eru-galladar-enginn	Sigurður Brynjar Pálsson: Við vitum ekkert af hverju byggingar eru gallaðar – enginn sem heldur utan um það
0	4362	2026_07_11_sigurdur-brynjar-palsson-covid-syndi-okkur-ad-vid-getum-leyst-hvad-sem-er	Sigurður Brynjar Pálsson: Covid sýndi okkur að við getum leyst hvað sem er
0	4607	2026_07_13_sigurdur-brynjar-palsson-mjoafjardarbruin-er-ur-voruskra-byko	Sigurður Brynjar Pálsson: Mjóafjarðarbrúin er úr vöruskrá BYKO
0	6404	2026_07_13_sigurdur-gylfi-magnusson-inntakid-hja-olafi-ragnari-hid-sama-og-thegar-hann	Sigurður Gylfi Magnússon: Inntakið hjá Ólafi Ragnari hið sama og þegar hann lofsöng útrásarvíkingana fyrir hrun
0	5791	2026_07_14_kolbrun-aslaugar-baldursdottir-skrifar-thegar-rettarbaetur-barna-tefjast	Kolbrún Áslaugar Baldursdóttir skrifar: Þegar réttarbætur barna tefjast
0	2428	2026_07_14_ordid-a-gotunni-thaegileg-innivinna-a-thokkalegum-launum	Orðið á götunni: Þægileg innivinna á þokkalegum launum
0	6026	2026_07_15_thorvaldur-ingi-jonsson-skrifar-lifsraekt-lifsyn-til-framtidar	Þorvaldur Ingi Jónsson skrifar: Lífsrækt – lífsýn til framtíðar
0	5321	2026_07_16_nina-richter-skrifar-konan-sem-hatadi-fotbolta	Nína Richter skrifar: Konan sem hataði fótbolta
0	3877	2026_07_17_kolbrun-bergthorsdottir-skrifar-jon-gnarr-situr-ekki-heima	Kolbrún Bergþórsdóttir skrifar: Jón Gnarr situr ekki heima
0	5120	2026_07_19_bjorn-jon-skrifar-freka-karlinum-til-varnar	Björn Jón skrifar: Freka karlinum til varnar
0	3076	2026_07_21_ordid-a-gotunni-fylgi-midflokksins-hrynur-afram-af-skiljanlegum-astaedum	Orðið á götunni: Fylgi Miðflokksins hrynur áfram – af skiljanlegum ástæðum
0	574	2026_07_21_sjalfstaedisflokkurinn-maelist-staerstur	Sjálfstæðisflokkurinn mælist stærstur
0	3691	2026_07_23_nina-richter-skrifar-leyfi-til-ad-vera-leleg	Nína Richter skrifar: Leyfi til að vera léleg
0	2374	2026_07_24_ottar-gudmundsson-skrifar-frammistodukvidi	Óttar Guðmundsson skrifar: Frammistöðukvíði
0	3717	2026_07_24_sigmundur-ernir-skrifar-thjodernisofgahyggja-er-akall-um-afturfor	Sigmundur Ernir skrifar: Þjóðernisöfgahyggja er ákall um afturför
0	4713	2026_07_26_gudni-adalsteinsson-verdur-afram-vontun-a-atvinnuhusnaedi-og-uppbyggingu-vill-fa	Guðni Aðalsteinsson: Áfram vöntun á atvinnuhúsnæði og uppbyggingu – vill stærri hluta virðiskeðjunnar
0	5430	2026_07_27_gudni-adalsteinsson-fasteignafelogin-geta-gegnt-mikilvaegu-hlutverki-i	Guðni Aðalsteinsson: Fasteignafélögin geta gegnt mikilvægu hlutverki í innviðauppbyggingu
0	2619	2026_07_27_thorvaldur-ingi-jonsson-skrifar-hugrekki-allra-ungra-islendinga-sjaum-saman	Þorvaldur Ingi Jónsson skrifar: Hugrekki allra ungra Íslendinga – sjáum saman framtíð
0	4765	2026_07_28_gudni-adalsteinsson-islensk-fasteignafelog-ahaettuminni-fjarfesting-en-erlend-felog	Guðni Aðalsteinsson: Íslensk fasteignafélög áhættuminni fjárfesting en erlend félög
0	4823	2026_07_30_gudni-adalsteinsson-einingar-miklu-betri-en-ad-standa-einn-uti-i-frostinu-i	Guðni Aðalsteinsson: Einingar miklu betri en að standa einn úti í frostinu í febrúar
0	3447	2026_07_30_nina-richter-skrifar-langanir-ljoshaerdrar-konu	Nína Richter skrifar: Langanir ljóshærðrar konu
0	2689	2026_07_31_thorvaldur-ingi-jonsson-skrifar-eldri-islendingar	Þorvaldur Ingi Jónsson skrifar: Eldri Íslendingar
0	1870	2026_08_02_ordid-a-gotunni-jofurinn-er-fallinn-fra	Orðið á götunni: Jöfurinn er fallinn frá
0	1268	2026_08_05_ingibjorg-elsa-radin-forstodumadur-urval-utsyn	Ingibjörg Elsa ráðin forstöðumaður Úrval Útsýn
0	1575	2026_08_05_ordid-a-gotunni-samfylkingin-eykur-fylgi-sitt-a-toppnum-rikisstjornin-heldi-velli	Orðið á götunni: Samfylkingin eykur fylgi sitt á toppnum – ríkisstjórnin héldi velli samkvæmt nýjum þjóðarpúlsi Gallups
0	3741	2026_08_06_nina-richter-skrifar-boomerar-sem-hata-odyra-bila	Nína Richter skrifar: „Boomerar“ sem hata ódýra bíla
0	2353	2026_08_07_ottar-gudmundsson-skrifar-midaldurskreppa-a-hlidarenda	Óttar Guðmundsson skrifar: Miðaldurskreppa á Hlíðarenda
0	2040	2026_08_11_gudmundur-einarsson-skrifar-thad-fellur-a-silfrid	Guðmundur Einarsson skrifar: Það fellur á Silfrið
0	1962	2026_08_11_thorvaldur-ingi-jonsson-skrifar-thad-er-ekkert-ad-ottast	Þorvaldur Ingi Jónsson skrifar: Það er ekkert að óttast
0	4680	2026_08_12_kolbrun-aslaugar-baldursdottir-skrifar-komstu-ekki-med-afmaelisgjof	Kolbrún Áslaugar Baldursdóttir skrifar: Komstu ekki með afmælisgjöf?
0	8859	2026_08_13_nina-richter-skrifar-ungt-folk-kann-ekki-stafsetningu	Nína Richter skrifar: ungt fólk kann ekki StAfsEtnInGu
0	2397	2026_08_14_ottar-gudmundsson-skrifar-skilnadarferlid	Óttar Guðmundsson skrifar: Skilnaðarferlið
0	4319	2026_08_14_sigmundur-ernir-skrifar-einokunarverslun-var-thad-einu-sinni-og-skal-afram-verda	Sigmundur Ernir skrifar: Einokunarverslun var það einu sinni, og skal áfram verða
0	5899	2026_08_16_bjorn-jon-skrifar-gagnslaus-stjornmal	Björn Jón skrifar: Gagnslaus stjórnmál
0	4070	2026_08_16_svarthofdi-skrifar-engin-abyrgd-tekin-a-eigin-gjordum-boltinn-sendur-a-rikid	Svarthöfði skrifar: Engin ábyrgð tekin á eigin gjörðum – boltinn sendur á ríkið
