reykjavik	D	1	Hildur Björnsdóttir
reykjavik	D	2	Bjarni Eggerts Guðjónsson
reykjavik	D	3	Brynjar Níelsson
reykjavik	D	4	Ragnhildur Alda Vilhjálmsdóttir
reykjavik	D	5	Rúnar Freyr Gíslason
reykjavik	B	1	Einar Þorsteinsson
reykjavik	B	2	Magnea Gná Jóhannsdóttir
reykjavik	B	3	Þorvaldur Daníelsson
reykjavik	B	4	Halldór Bachmann
reykjavik	B	5	Andrea Edda Guðlaugsdóttir
reykjavik	S	1	Pétur Hafliði Marteinsson
reykjavik	S	2	Heiða Björg Hilmisdóttir
reykjavik	S	3	Steinunn Guðjónsdóttir
reykjavik	S	4	Skúli Helgason
reykjavik	S	5	Stein Olav Romslo
reykjavik	A	1	Sanna Magdalena Mörtudóttir
reykjavik	A	2	Líf Magneudóttir
reykjavik	A	3	Stefán Pálsson
reykjavik	A	4	Ásta Þ. Skjalddal Guðjónsdóttir
reykjavik	A	5	Arna Magnea Danks
reykjavik	P	1	Kristinn Jón Ólafsson
reykjavik	P	2	Alexandra Briem
reykjavik	P	3	Oktavía Hrund Guðrúnar Jóns
reykjavik	P	4	Unnar Þór Sæmundsson
reykjavik	P	5	Olga Margrét Kristínardóttir Cilia
reykjavik	M	1	Ari Edwald
reykjavik	M	2	Kristín Kolbrún Kolbeinsdóttir
reykjavik	M	3	Lárus Sigurðsson
reykjavik	M	4	Hlédís Maren Guðmundsdóttir
reykjavik	M	5	Helgi Áss Grétarsson
reykjavik	F	1	Guðmundur Ingi Þóroddsson
reykjavik	F	2	Einar Sveinbjörn Guðmundsson
reykjavik	F	3	Guðbjörg Ingunn Magnúsdóttir
reykjavik	F	4	Sigurveig Jóhannsdóttir
reykjavik	F	5	Rúnar Sigurjónsson
reykjavik	C	1	Björg Magnúsdóttir
reykjavik	C	2	Róbert Ragnarsson
reykjavik	C	3	Þorvaldur Davíð Kristjánsson
reykjavik	C	4	Margrét Rós Sigurjónsdóttir
reykjavik	C	5	Eyþór Máni Steinarsson
reykjavik	G	1	Ingimar Þór Friðriksson
reykjavik	G	2	Hjördís Dröfn Vilhjálmsdóttir
reykjavik	G	3	Torfi Markússon
reykjavik	G	4	Nathalia B. Tómasdóttir
reykjavik	G	5	Jón L. Árnason
reykjavik	J	1	Silja Sóley Birgisdóttir
reykjavik	J	2	Sigrún E Unnsteinsdóttir
reykjavik	J	3	Hannes Pétursson
reykjavik	J	4	Geirdís Hanna Kristjánsdóttir
reykjavik	J	5	Jón Ferdínand Estherarson
reykjavik	R	1	Sigfús Aðalsteinsson
reykjavik	R	2	Baldur Borgþórsson
reykjavik	R	3	Hlynur Áskelsson
reykjavik	R	4	Ágústa Árnadóttir
reykjavik	R	5	Thelma Guðrún Jónsdóttir
kopavogur	B	1	Orri Vignir Hlöðversson
kopavogur	B	2	Björg Baldursdóttir
kopavogur	B	3	Gunnar Sær Ragnarsson
kopavogur	C	1	María Ellen Steingrímsdóttir
kopavogur	C	2	Pétur Björgvin Sveinsson
kopavogur	C	3	Arnar Grétarsson
kopavogur	D	1	Ásdís Kristjánsdóttir
kopavogur	D	2	Hjördís Ýr Johnson
kopavogur	D	3	Andri Steinn Hilmarsson
kopavogur	J	1	Markús Candi
kopavogur	J	2	Anna Ceridwen Auðnudóttir
kopavogur	J	3	Marzuk Ingi Lamsiah Svanlaugar
kopavogur	M	1	Einar Jóhannes Guðnason
kopavogur	M	2	Nína Berglind Sigurgeirsdóttir
kopavogur	M	3	Beitir Ólafsson
kopavogur	S	1	Jónas Már Torfason
kopavogur	S	2	Eydís Inga Valsdóttir
kopavogur	S	3	Hákon Gunnarsson
kopavogur	V	1	Anna Sigríður Hafliðadóttir
kopavogur	V	2	Bjarki Valberg
kopavogur	V	3	Kjartan Sveinn Guðmundsson
hafnarfjordur	A	1	Ester Bíbí Ásgeirsdóttir
hafnarfjordur	A	2	Svenný Kristins
hafnarfjordur	A	3	Davíð Arnar Stefánsson
hafnarfjordur	B	1	Valdimar Víðisson
hafnarfjordur	B	2	Kolbrún Magnúsdóttir
hafnarfjordur	B	3	Árni Rúnar Árnason
hafnarfjordur	C	1	Karólína Helga Símonardóttir
hafnarfjordur	C	2	Árni Stefán Guðjónsson
hafnarfjordur	C	3	Hjördís Hlíðberg
hafnarfjordur	D	1	Orri Björnsson
hafnarfjordur	D	2	Kristín Thoroddsen
hafnarfjordur	D	3	Viktor Pétur Finnsson
hafnarfjordur	M	1	Einar Geir Þorsteinsson
hafnarfjordur	M	2	Signý Jóna Tryggvadóttir
hafnarfjordur	M	3	Böðvar Ingi Guðbjartsson
hafnarfjordur	S	1	Guðmundur Árni Stefánsson
hafnarfjordur	S	2	Hildur Rós Guðbjargardóttir
hafnarfjordur	S	3	Árni Rúnar Þorvaldsson
reykjanesbaer	B	1	Halldóra Fríða Þorvaldsdóttir
reykjanesbaer	B	2	Róbert Jóhann Guðmundsson
reykjanesbaer	C	1	Arnar Páll Guðmundsson
reykjanesbaer	C	2	Davíð Skarphéðinsson
reykjanesbaer	D	1	Vilhjálmur Árnason
reykjanesbaer	D	2	Margrét Þórarinsdóttir
reykjanesbaer	M	1	Gunnlaugur Kárason
reykjanesbaer	M	2	Rúnar Fossádal
reykjanesbaer	S	1	Guðný Birna Guðmundsdóttir
reykjanesbaer	S	2	Hjörtur Magnús Guðbjartsson
gardabaer	D	1	Almar Guðmundsson
gardabaer	D	2	Björg Fenger
gardabaer	B	1	Hlynur Bæringsson
gardabaer	B	2	Anna Margrét Steingrímsdóttir
gardabaer	C	1	Guðlaugur Kristmundsson
gardabaer	C	2	Harpa Þorsteinsdóttir
gardabaer	GB	1	Þorbjörg Þorvaldsdóttir
gardabaer	GB	2	Guðjón Pétur Lýðsson
gardabaer	M	1	Lárus Guðmundsson
gardabaer	M	2	Laufey Gunnþórsdóttir
gardabaer	S	1	Kjartan Atli Kjartansson
gardabaer	S	2	Vilborg Anna Strange Garðarsdóttir
akureyri	D	1	Berglind Ósk Guðmundsdóttir
akureyri	B	1	Sunna Hlín Jóhannesdóttir
akureyri	C	1	Lovísa Oktavía Eyvindsdóttir
akureyri	L	1	Óðinn Svan Óðinsson
akureyri	M	1	Hlynur Jóhannsson
akureyri	S	1	Sindri S. Kristjánsson
akureyri	V	1	Jana Salóme Ingibjargar Jósepsdóttir
akureyri	AL	1	Þórhallur Jónsson
mosfellsbaer	D	1	Hilmar Gunnarsson
mosfellsbaer	B	1	Sævar Birgisson
mosfellsbaer	C	1	Gylfi Þór Þorsteinsson
mosfellsbaer	M	1	Sveinn Óskar Sigurðsson
mosfellsbaer	S	1	Ólafur Ingi Óskarsson
mosfellsbaer	L	1	Árni Jónsson
arborg	B	1	Matthías Bjarnason
arborg	C	1	Heiðrún Kristmundsdóttir
arborg	D	1	Bragi Bjarnason
arborg	S	1	Sigurjón Vídalín Guðmundsson
akranes	B	1	Ragnar Baldvin Sæmundsson
akranes	C	1	Jón Guðni Guðmundsson
akranes	D	1	Líf Lárusdóttir
akranes	M	1	Hrafn Ágúst Björnsson
akranes	S	1	Sigurður Vopni Vatnsdal
mulathing	B	1	Jónína Brynjólfsdóttir
mulathing	D	1	Berglind Harpa Svavarsdóttir
mulathing	M	1	Lárus Bjarnason
mulathing	V	1	Ásrún Mjöll Stefánsdóttir
mulathing	L	1	Hólmfríður Rut Einarsdóttir
fjardabyggd	B	1	Þuríður Lillý Sigurðardóttir
fjardabyggd	D	1	Ragnar Sigurðsson
fjardabyggd	M	1	Hrafn Bjarnason
fjardabyggd	S	1	Stefán Þór Eysteinsson
seltjarnarnes	D	1	Þór Sigurgeirsson
seltjarnarnes	M	1	Skafti Harðarson
seltjarnarnes	SCS	1	Kristinn Ólafsson
vestmannaeyjar	D	1	Eyþór Harðarson
vestmannaeyjar	E	1	Arndís María Kjartansdóttir
vestmannaeyjar	M	1	Jón Þór Guðjónsson
skagafjordur	SGE	1	Gunnar Örn Marteinsson
skagafjordur	SGL	1	Haraldur Þór Jónsson
sudurnesjabaer	B	1	Anton Kristinn Guðmundsson
sudurnesjabaer	D	1	Haukur Andreasson
sudurnesjabaer	M	1	Daði Bergþórsson
sudurnesjabaer	S	1	Svavar Grétarsson
borgarbyggd	B	1	Davíð Sigurðsson
borgarbyggd	D	1	Sigurður Guðmundsson
borgarbyggd	M	1	Haukur Þór Hauksson
borgarbyggd	A	1	Jovana Pavlović
isafjordur	B	1	Kristján Þór Kristjánsson
isafjordur	C	1	Gylfi Ólafsson
isafjordur	D	1	Jónas Þór Birgisson
isafjordur	M	1	Sævar Óli Hjörvarsson
isafjordur	S	1	Svanfríður Guðrún Bergvinsdóttir
hveragerdi	OKH	1	Lárus Jónsson
hveragerdi	B	1	Marta Rut Ólafsdóttir
hveragerdi	S	1	Birgitta Ragnarsdóttir
hveragerdi	D	1	Ingimar Guðmundsson
nordurping	B	1	Eysteinn Heiðar Kristjánsson
nordurping	D	1	Helena Eydís Ingólfsdóttir
nordurping	NPM	1	Rúnar Traustason
nordurping	NBO	1	Ómar Gunnarsson
nordurping	S	1	Kjartan Páll Þórarinsson
nordurping	NPV	1	Aldey Unnar Traustadóttir
olfus	D	1	Grétar Ingi Erlendsson
olfus	S	1	Gunnsteinn R Ómarsson
hornafjordur	B	1	Hjalti Þór Vignisson
hornafjordur	D	1	Gauti Árnason
hornafjordur	HFJK	1	Eyrún Fríða Árnadóttir
hornafjordur	M	1	Reynir Ásgeirsson
rangarthingeystra	B	1	Rafn Bergsson
rangarthingeystra	D	1	Anton Kári Halldórsson
rangarthingeystra	NRE	1	Tómas Birgir Magnússon
fjallabyggd	D	1	Tómas Atli Einarsson
fjallabyggd	H	1	Helgi Jóhannsson
fjallabyggd	S	1	Jóhann K. Jóhannsson
rangarthingytra	RYA	1	Eggert Valur Guðmundsson
rangarthingytra	D	1	Ingvar Pétur Guðbjörnsson
dalvikurbyggd	B	1	Monika Margrét Stefánsdóttir
dalvikurbyggd	D	1	Benedikt Snær Magnússon
dalvikurbyggd	A	1	Börkur Þór Ottósson
dalvikurbyggd	K	1	Helgi Einarsson
vogar	FYRS	1	Gunnar J. Helgason
vogar	D	1	Björg Ásta Þórðardóttir
vogar	VOE	1	Birgir Örn Ólafsson
vogar	VOL	1	Kristinn Björgvinsson
grindavik	B	1	Ásrún Helga Kristinsdóttir
grindavik	D	1	Guðbjörg Eyjólfsdóttir
grindavik	M	1	Magnús Már Jakobsson
grundarfjordur	GFB	1	Fannar Þór Þorfinnsson
grundarfjordur	GFD	1	Jósef Kjartansson
skaftarhreppur	D	1	Sveinn Hreiðar Jensson
skaftarhreppur	SKO	1	Jóhannes Gissurarson
blaskogabyggd	MMM	1	Guðfinnur Ragnar Jóhannsson
blaskogabyggd	BBK	1	Kristján Jón Guðmundsson
grimsnes	GGA	1	Guðmundur Finnbogason
grimsnes	GGO	1	Andrés Bertelsen
skeidgnup	B	1	Einar Eðvald Einarsson
skeidgnup	D	1	Magnús Barðdal
skeidgnup	SFL	1	Eyþór Fannar Sveinsson
skeidgnup	M	1	Högni Elfar Gylfason
hrunamannahreppur	D	1	Jón Bjarnason
hrunamannahreppur	HRL	1	Daði Geir Samúelsson
flohreppur	FLI	1	Árni Eiríksson
flohreppur	FLT	1	Almar Sigurðsson
eyjafjardarsveit	EJF	1	Hermann Ingi Gunnarsson
eyjafjardarsveit	EJK	1	Guðmundur Sigurbjörn Óskarsson
horgarsveit	HBA	1	Jón Gíslason
horgarsveit	B	1	Grímur Rúnar Lárusson
horgarsveit	D	1	Guðmundur Haukur Jakobsson
